track_id,duration_seconds,line_count,verse_count,word_count,words_per_second,words_per_minute,lines_per_minute,avg_line_length_words,kanye_verse_share,fetch_timestamp
all_falls_down_pre_dropout_era,223.0000,81,7,726,3.255605,195.336300,21.793722,8.962963,1.000000,2026-05-12T16:42:07Z
champions_pre_dropout_era,,21,2,185,,,,8.809524,1.000000,2026-05-12T16:42:07Z
get_by_remix_pre_dropout_era,,37,2,357,,,,9.648649,1.000000,2026-05-12T16:42:07Z
hold_on_remix_pre_dropout_era,,18,2,160,,,,8.888889,1.000000,2026-05-12T16:42:07Z
the_good_the_bad_the_ugly_pre_dropout_era,,65,5,638,,,,9.815385,1.000000,2026-05-12T16:42:07Z
two_words_pre_dropout_era,,54,7,331,,,,6.129630,1.000000,2026-05-12T16:42:07Z
through_the_wire_pre_dropout_era,221.0000,81,8,622,2.814480,168.868800,21.990950,7.679012,1.000000,2026-05-12T16:42:07Z
breathe_in_breathe_out_the_college_dropout,,88,6,655,,,,7.443182,,2026-05-12T16:42:07Z
family_business_the_college_dropout,,91,9,804,,,,8.835165,,2026-05-12T16:42:07Z
get_em_high_the_college_dropout,,74,7,538,,,,7.270270,,2026-05-12T16:42:07Z
intro_the_college_dropout,,7,2,106,,,,15.142857,,2026-05-12T16:42:07Z
jesus_walks_the_college_dropout,193.0000,65,6,541,2.803109,168.186540,20.207254,8.323077,,2026-05-12T16:42:07Z
last_call_the_college_dropout,,99,10,902,,,,9.111111,,2026-05-12T16:42:07Z
lil_jimmy_skit_the_college_dropout,,17,2,186,,,,10.941176,,2026-05-12T16:42:07Z
never_let_me_down_the_college_dropout,,101,21,645,,,,6.386139,,2026-05-12T16:42:07Z
school_spirit_the_college_dropout,,67,8,410,,,,6.119403,,2026-05-12T16:42:07Z
slow_jamz_the_college_dropout,212.0000,44,3,348,1.641509,98.490540,12.452830,7.909091,,2026-05-12T16:42:07Z
spaceship_the_college_dropout,,70,4,373,,,,5.328571,,2026-05-12T16:42:07Z
the_new_workout_plan_the_college_dropout,,129,14,707,,,,5.480620,,2026-05-12T16:42:07Z
we_don_t_care_the_college_dropout,,85,9,649,,,,7.635294,,2026-05-12T16:42:07Z
workout_plan_the_college_dropout,,24,1,161,,,,6.708333,,2026-05-12T16:42:07Z
confessions_part_ii_remix_the_college_dropout,,31,2,231,,,,7.451613,1.000000,2026-05-12T16:42:07Z
down_and_out_the_college_dropout,248.0000,63,4,282,1.137097,68.225820,15.241935,4.476190,1.000000,2026-05-12T16:42:07Z
gettin_it_in_the_college_dropout,,79,5,439,,,,5.556962,1.000000,2026-05-12T16:42:07Z
i_got_a_love_the_college_dropout,,28,5,276,,,,9.857143,1.000000,2026-05-12T16:42:07Z
i_see_now_the_college_dropout,,78,6,592,,,,7.589744,1.000000,2026-05-12T16:42:07Z
my_baby_the_college_dropout,,17,1,146,,,,8.588235,1.000000,2026-05-12T16:42:07Z
number_one_the_college_dropout,,30,4,219,,,,7.300000,1.000000,2026-05-12T16:42:07Z
overnight_celebrity_the_college_dropout,,32,3,200,,,,6.250000,1.000000,2026-05-12T16:42:07Z
selfish_the_college_dropout,225.0000,35,3,195,0.866667,52.000020,9.333333,5.571429,1.000000,2026-05-12T16:42:07Z
talk_about_our_love_the_college_dropout,,20,1,152,,,,7.600000,1.000000,2026-05-12T16:42:07Z
this_way_the_college_dropout,246.0000,43,3,358,1.455285,87.317100,10.487805,8.325581,1.000000,2026-05-12T16:42:07Z
anything_late_registration,,23,2,161,,,,7.000000,1.000000,2026-05-12T16:42:07Z
back_like_that_remix_late_registration,,37,3,258,,,,6.972973,1.000000,2026-05-12T16:42:07Z
call_some_hoes_late_registration,,23,2,169,,,,7.347826,1.000000,2026-05-12T16:42:07Z
chi_town_late_registration,,17,1,157,,,,9.235294,1.000000,2026-05-12T16:42:07Z
crack_music_remix_late_registration,,70,7,497,,,,7.100000,1.000000,2026-05-12T16:42:07Z
ghetto_late_registration,,26,5,164,,,,6.307692,1.000000,2026-05-12T16:42:07Z
go_late_registration,224.0000,44,3,264,1.178571,70.714260,11.785714,6.000000,1.000000,2026-05-12T16:42:07Z
grown_man_pt_2_late_registration,,18,1,160,,,,8.888889,1.000000,2026-05-12T16:42:07Z
hold_me_late_registration,,50,2,378,,,,7.560000,1.000000,2026-05-12T16:42:07Z
i_see_now_late_registration,,78,6,592,,,,7.589744,1.000000,2026-05-12T16:42:07Z
make_her_feel_good_remix_late_registration,,16,1,138,,,,8.625000,1.000000,2026-05-12T16:42:07Z
more_late_registration,,64,4,280,,,,4.375000,1.000000,2026-05-12T16:42:07Z
number_one_late_registration,236.0000,166,7,851,3.605932,216.355920,42.203390,5.126506,1.000000,2026-05-12T16:42:07Z
paid_the_price_late_registration,,23,2,148,,,,6.434783,1.000000,2026-05-12T16:42:07Z
still_dreaming_late_registration,,66,4,354,,,,5.363636,1.000000,2026-05-12T16:42:07Z
tell_me_when_to_go_remix_late_registration,,19,1,161,,,,8.473684,1.000000,2026-05-12T16:42:07Z
they_say_late_registration,,47,5,313,,,,6.659574,1.000000,2026-05-12T16:42:07Z
top_this_late_registration,,20,1,165,,,,8.250000,1.000000,2026-05-12T16:42:07Z
whole_city_behind_us_late_registration,,37,5,292,,,,7.891892,1.000000,2026-05-12T16:42:07Z
wouldn_t_get_far_late_registration,,31,2,227,,,,7.322581,1.000000,2026-05-12T16:42:07Z
addiction_late_registration,,57,15,477,,,,8.368421,,2026-05-12T16:42:07Z
back_to_basics_late_registration,,25,1,158,,,,6.320000,,2026-05-12T16:42:07Z
bring_me_down_late_registration,,26,1,245,,,,9.423077,,2026-05-12T16:42:07Z
celebration_late_registration,,64,8,361,,,,5.640625,,2026-05-12T16:42:07Z
crack_music_late_registration,,62,6,449,,,,7.241935,,2026-05-12T16:42:07Z
diamonds_from_sierra_leone_late_registration,238.0000,77,5,666,2.798319,167.899140,19.411765,8.649351,,2026-05-12T16:42:07Z
diamonds_from_sierra_leone_remix_late_registration,238.0000,52,5,353,1.483193,88.991580,13.109244,6.788462,,2026-05-12T16:42:07Z
drive_slow_late_registration,,79,9,597,,,,7.556962,,2026-05-12T16:42:07Z
gold_digger_late_registration,208.0000,79,13,668,3.211538,192.692280,22.788462,8.455696,,2026-05-12T16:42:07Z
gone_late_registration,332.0000,53,4,485,1.460843,87.650580,9.578313,9.150943,,2026-05-12T16:42:07Z
heard_em_say_late_registration,203.0000,49,6,357,1.758621,105.517260,14.482759,7.285714,,2026-05-12T16:42:07Z
hey_mama_late_registration,,85,7,714,,,,8.400000,,2026-05-12T16:42:07Z
late_late_registration,,81,10,570,,,,7.037037,,2026-05-12T16:42:07Z
roses_late_registration,,42,2,349,,,,8.309524,,2026-05-12T16:42:07Z
skit_1_late_registration,,16,2,122,,,,7.625000,,2026-05-12T16:42:07Z
skit_2_late_registration,,17,2,109,,,,6.411765,,2026-05-12T16:42:07Z
skit_3_late_registration,,10,2,81,,,,8.100000,,2026-05-12T16:42:07Z
skit_4_late_registration,,21,11,254,,,,12.095238,,2026-05-12T16:42:07Z
touch_the_sky_late_registration,237.0000,62,9,566,2.388186,143.291160,15.696203,9.129032,,2026-05-12T16:42:07Z
we_can_make_it_better_late_registration,,75,8,317,,,,4.226667,,2026-05-12T16:42:07Z
we_major_late_registration,,80,8,545,,,,6.812500,,2026-05-12T16:42:07Z
impossible_late_registration,,19,1,148,,,,7.789474,,2026-05-12T16:42:07Z
grammy_family_late_registration,,46,4,337,,,,7.326087,1.000000,2026-05-12T16:42:07Z
barry_bonds_graduation,,49,12,350,,,,7.142857,1.000000,2026-05-12T16:42:07Z
because_of_you_remix_graduation,,26,1,185,,,,7.115385,1.000000,2026-05-12T16:42:07Z
bittersweet_poetry_graduation,,70,7,557,,,,7.957143,1.000000,2026-05-12T16:42:07Z
buy_you_a_drank_remix_graduation,,24,2,241,,,,10.041667,1.000000,2026-05-12T16:42:07Z
drunk_and_hot_girls_graduation,,79,11,406,,,,5.139241,1.000000,2026-05-12T16:42:07Z
flashing_lights_graduation,237.0000,32,2,229,0.966245,57.974700,8.101266,7.156250,1.000000,2026-05-12T16:42:07Z
good_life_graduation,207.0000,83,5,505,2.439614,146.376840,24.057971,6.084337,1.000000,2026-05-12T16:42:07Z
good_night_graduation,,24,2,224,,,,9.333333,1.000000,2026-05-12T16:42:07Z
homecoming_graduation,203.0000,42,4,381,1.876847,112.610820,12.413793,9.071429,1.000000,2026-05-12T16:42:07Z
in_the_mood_graduation,,48,3,388,,,,8.083333,1.000000,2026-05-12T16:42:07Z
southside_graduation,,137,11,514,,,,3.751825,1.000000,2026-05-12T16:42:07Z
stay_up_viagra_graduation,,68,4,349,,,,5.132353,1.000000,2026-05-12T16:42:07Z
big_brother_graduation,,91,12,863,,,,9.483516,,2026-05-12T16:42:07Z
can_t_tell_me_nothing_graduation,271.0000,104,12,599,2.210332,132.619920,23.025830,5.759615,,2026-05-12T16:42:07Z
good_morning_graduation,,49,8,287,,,,5.857143,,2026-05-12T16:42:07Z
i_wonder_graduation,,31,3,272,,,,8.774194,,2026-05-12T16:42:07Z
stronger_graduation,315.0000,151,9,899,2.853968,171.238080,28.761905,5.953642,,2026-05-12T16:42:07Z
the_glory_graduation,,83,6,625,,,,7.530120,,2026-05-12T16:42:07Z
american_boy_808s_heartbreak,,33,2,247,,,,7.484848,0.322876,2026-05-12T16:42:07Z
amazing_808s_heartbreak,238.0000,77,10,258,1.084034,65.042040,19.411765,3.350649,1.000000,2026-05-12T16:42:07Z
digital_girl_808s_heartbreak,,36,2,294,,,,8.166667,1.000000,2026-05-12T16:42:07Z
everybody_808s_heartbreak,,58,3,255,,,,4.396552,1.000000,2026-05-12T16:42:07Z
everyone_nose_remix_808s_heartbreak,,38,4,290,,,,7.631579,1.000000,2026-05-12T16:42:07Z
finer_things_808s_heartbreak,,18,2,144,,,,8.000000,1.000000,2026-05-12T16:42:07Z
go_hard_808s_heartbreak,272.0000,67,4,579,2.128676,127.720560,14.779412,8.641791,1.000000,2026-05-12T16:42:07Z
i_still_love_h_e_r_808s_heartbreak,,74,8,456,,,,6.162162,1.000000,2026-05-12T16:42:07Z
it_s_over_808s_heartbreak,,16,1,91,,,,5.687500,1.000000,2026-05-12T16:42:07Z
paranoid_808s_heartbreak,,74,8,429,,,,5.797297,1.000000,2026-05-12T16:42:07Z
punch_drunk_love_808s_heartbreak,,42,4,201,,,,4.785714,1.000000,2026-05-12T16:42:07Z
see_you_in_my_nightmares_808s_heartbreak,258.0000,46,7,278,1.077519,64.651140,10.697674,6.043478,1.000000,2026-05-12T16:42:07Z
welcome_to_heartbreak_808s_heartbreak,,59,8,356,,,,6.033898,1.000000,2026-05-12T16:42:07Z
lollipop_remix_808s_heartbreak,,20,1,194,,,,9.700000,0.238037,2026-05-12T16:42:07Z
put_on_808s_heartbreak,,30,3,259,,,,8.633333,0.307601,2026-05-12T16:42:07Z
swagga_like_us_808s_heartbreak,,16,1,119,,,,7.437500,0.109275,2026-05-12T16:42:07Z
coldest_winter_808s_heartbreak,,26,8,214,,,,8.230769,,2026-05-12T16:42:07Z
heartless_808s_heartbreak,211.0000,62,9,462,2.189573,131.374380,17.630332,7.451613,,2026-05-12T16:42:07Z
love_lockdown_808s_heartbreak,270.0000,52,7,396,1.466667,88.000020,11.555556,7.615385,,2026-05-12T16:42:07Z
pinocchio_story_808s_heartbreak,,70,7,587,,,,8.385714,,2026-05-12T16:42:07Z
robocop_808s_heartbreak,,71,10,467,,,,6.577465,,2026-05-12T16:42:07Z
say_you_will_808s_heartbreak,,26,10,219,,,,8.423077,,2026-05-12T16:42:07Z
street_lights_808s_heartbreak,,38,7,296,,,,7.789474,,2026-05-12T16:42:07Z
american_boy_post_808s_feature_run,,52,2,247,,,,4.750000,1.000000,2026-05-12T16:42:07Z
knock_you_down_post_808s_feature_run,,20,1,173,,,,8.650000,0.197039,2026-05-12T16:42:07Z
mama_s_boyfriend_post_808s_feature_run,,66,7,549,,,,8.318182,,2026-05-12T16:42:07Z
alright_post_808s_feature_run,,18,1,173,,,,9.611111,1.000000,2026-05-12T16:42:07Z
anyone_but_him_post_808s_feature_run,,33,3,207,,,,6.272727,1.000000,2026-05-12T16:42:07Z
ayyy_girl_post_808s_feature_run,,16,1,137,,,,8.562500,1.000000,2026-05-12T16:42:07Z
digital_girl_remix_post_808s_feature_run,,26,2,210,,,,8.076923,1.000000,2026-05-12T16:42:07Z
ego_remix_post_808s_feature_run,,24,1,241,,,,10.041667,1.000000,2026-05-12T16:42:07Z
gifted_post_808s_feature_run,,31,2,206,,,,6.645161,1.000000,2026-05-12T16:42:07Z
hate_post_808s_feature_run,,17,3,102,,,,6.000000,1.000000,2026-05-12T16:42:07Z
maybach_music_2_post_808s_feature_run,,18,2,140,,,,7.777778,1.000000,2026-05-12T16:42:07Z
sailing_not_selling_post_808s_feature_run,,22,1,210,,,,9.545455,1.000000,2026-05-12T16:42:07Z
the_big_screen_post_808s_feature_run,,65,7,310,,,,4.769231,1.000000,2026-05-12T16:42:07Z
whatever_u_want_post_808s_feature_run,,30,5,205,,,,6.833333,1.000000,2026-05-12T16:42:07Z
run_this_town_post_808s_feature_run,,24,1,209,,,,8.708333,0.285910,2026-05-12T16:42:07Z
forever_post_808s_feature_run,357.0000,22,1,204,0.571429,34.285740,3.697479,9.272727,0.176471,2026-05-12T16:42:07Z
make_her_say_post_808s_feature_run,,25,2,158,,,,6.320000,0.197007,2026-05-12T16:42:07Z
alors_on_danse_remix_g_o_o_d_fridays_mbdtf,,38,5,209,,,,5.500000,1.000000,2026-05-12T16:42:07Z
blame_game_g_o_o_d_fridays_mbdtf,,64,6,548,,,,8.562500,1.000000,2026-05-12T16:42:07Z
blazin_g_o_o_d_fridays_mbdtf,,39,2,332,,,,8.512821,1.000000,2026-05-12T16:42:07Z
deuces_remix_g_o_o_d_fridays_mbdtf,,17,1,167,,,,9.823529,1.000000,2026-05-12T16:42:07Z
devil_in_a_new_dress_g_o_o_d_fridays_mbdtf,,44,6,403,,,,9.159091,1.000000,2026-05-12T16:42:07Z
erase_me_g_o_o_d_fridays_mbdtf,193.0000,23,2,207,1.072539,64.352340,7.150259,9.000000,1.000000,2026-05-12T16:42:07Z
gorgeous_g_o_o_d_fridays_mbdtf,,59,3,528,,,,8.949153,1.000000,2026-05-12T16:42:07Z
live_fast_die_young_g_o_o_d_fridays_mbdtf,,66,5,452,,,,6.848485,1.000000,2026-05-12T16:42:07Z
lost_in_the_world_g_o_o_d_fridays_mbdtf,231.0000,41,6,307,1.329004,79.740240,10.649351,7.487805,1.000000,2026-05-12T16:42:07Z
power_g_o_o_d_fridays_mbdtf,292.0000,67,7,495,1.695205,101.712300,13.767123,7.388060,1.000000,2026-05-12T16:42:07Z
runaway_g_o_o_d_fridays_mbdtf,547.0000,73,9,535,0.978062,58.683720,8.007313,7.328767,1.000000,2026-05-12T16:42:07Z
start_it_up_g_o_o_d_fridays_mbdtf,,50,3,278,,,,5.560000,1.000000,2026-05-12T16:42:07Z
all_of_the_lights_g_o_o_d_fridays_mbdtf,260.0000,26,4,189,0.726923,43.615380,6.000000,7.269231,,2026-05-12T16:42:07Z
dark_fantasy_g_o_o_d_fridays_mbdtf,281.0000,37,3,277,0.985765,59.145900,7.900356,7.486486,,2026-05-12T16:42:07Z
hell_of_a_life_g_o_o_d_fridays_mbdtf,,71,9,590,,,,8.309859,,2026-05-12T16:42:07Z
monster_g_o_o_d_fridays_mbdtf,378.0000,52,4,449,1.187831,71.269860,8.253968,8.634615,,2026-05-12T16:42:07Z
so_appalled_g_o_o_d_fridays_mbdtf,,38,3,261,,,,6.868421,,2026-05-12T16:42:07Z
who_will_survive_in_america_g_o_o_d_fridays_mbdtf,,1,1,47,,,,47.000000,,2026-05-12T16:42:07Z
e_t_remix_watch_the_throne,208.0000,17,2,155,0.745192,44.711520,4.903846,9.117647,1.000000,2026-05-12T16:42:07Z
eyez_closed_watch_the_throne,,21,1,202,,,,9.619048,1.000000,2026-05-12T16:42:07Z
lift_off_watch_the_throne,,18,2,115,,,,6.388889,1.000000,2026-05-12T16:42:07Z
made_in_america_watch_the_throne,,16,1,146,,,,9.125000,1.000000,2026-05-12T16:42:07Z
marvin_chardonnay_watch_the_throne,,76,9,524,,,,6.894737,1.000000,2026-05-12T16:42:07Z
no_church_in_the_wild_watch_the_throne,272.0000,21,1,140,0.514706,30.882360,4.632353,6.666667,1.000000,2026-05-12T16:42:07Z
same_time_watch_the_throne,,17,1,130,,,,7.647059,1.000000,2026-05-12T16:42:07Z
sing_a_song_watch_the_throne,,118,4,1196,,,,10.135593,1.000000,2026-05-12T16:42:07Z
the_joy_watch_the_throne,,33,2,282,,,,8.545455,1.000000,2026-05-12T16:42:07Z
touch_it_watch_the_throne,,15,4,145,,,,9.666667,1.000000,2026-05-12T16:42:07Z
why_i_love_you_watch_the_throne,,43,3,268,,,,6.232558,1.000000,2026-05-12T16:42:07Z
gotta_have_it_watch_the_throne,140.0000,34,3,311,2.221429,133.285740,14.571429,9.147059,0.682018,2026-05-12T16:42:07Z
illest_motherfucker_alive_watch_the_throne,,43,5,358,,,,8.325581,0.549080,2026-05-12T16:42:07Z
murder_to_excellence_watch_the_throne,,44,6,363,,,,8.250000,0.482713,2026-05-12T16:42:07Z
new_day_watch_the_throne,,27,2,212,,,,7.851852,0.359932,2026-05-12T16:42:07Z
niggas_in_paris_watch_the_throne,,46,7,334,,,,7.260870,1.000000,2026-05-12T16:42:07Z
otis_watch_the_throne,178.0000,24,3,214,1.202247,72.134820,8.089888,8.916667,0.437628,2026-05-12T16:42:07Z
primetime_watch_the_throne,,45,4,392,,,,8.711111,0.861538,2026-05-12T16:42:07Z
that_s_my_bitch_watch_the_throne,,34,4,273,,,,8.029412,0.465077,2026-05-12T16:42:07Z
who_gon_stop_me_watch_the_throne,257.0000,62,6,498,1.937743,116.264580,14.474708,8.032258,0.617866,2026-05-12T16:42:07Z
theraflu_cruel_summer_yeezus_build_up,,52,7,444,,,,8.538462,,2026-05-12T16:42:07Z
amen_cruel_summer_yeezus_build_up,,25,2,180,,,,7.200000,1.000000,2026-05-12T16:42:07Z
awesome_cruel_summer_yeezus_build_up,,67,8,317,,,,4.731343,1.000000,2026-05-12T16:42:07Z
i_wish_you_would_cruel_summer_yeezus_build_up,238.0000,54,8,452,1.899160,113.949600,13.613445,8.370370,1.000000,2026-05-12T16:42:07Z
the_one_cruel_summer_yeezus_build_up,,16,1,150,,,,9.375000,1.000000,2026-05-12T16:42:07Z
to_the_world_cruel_summer_yeezus_build_up,231.0000,18,4,144,0.623377,37.402620,4.675325,8.000000,1.000000,2026-05-12T16:42:07Z
birthday_song_cruel_summer_yeezus_build_up,306.0000,34,3,306,1.000000,60.000000,6.666667,9.000000,0.330097,2026-05-12T16:42:07Z
bliss_cruel_summer_yeezus_build_up,,9,3,87,,,,9.666667,,2026-05-12T16:42:07Z
clique_cruel_summer_yeezus_build_up,293.0000,33,2,285,0.972696,58.361760,6.757679,8.636364,,2026-05-12T16:42:07Z
cold_cruel_summer_yeezus_build_up,219.0000,52,7,444,2.027397,121.643820,14.246575,8.538462,,2026-05-12T16:42:07Z
creepers_cruel_summer_yeezus_build_up,,46,5,422,,,,9.173913,,2026-05-12T16:42:07Z
i_don_t_like_remix_cruel_summer_yeezus_build_up,,32,1,183,,,,5.718750,,2026-05-12T16:42:07Z
mercy_cruel_summer_yeezus_build_up,333.0000,34,2,262,0.786787,47.207220,6.126126,7.705882,,2026-05-12T16:42:07Z
sin_city_cruel_summer_yeezus_build_up,,59,6,361,,,,6.118644,,2026-05-12T16:42:07Z
the_morning_cruel_summer_yeezus_build_up,,1,1,4,,,,4.000000,,2026-05-12T16:42:07Z
way_too_cold_cruel_summer_yeezus_build_up,,55,9,444,,,,8.072727,,2026-05-12T16:42:07Z
white_dress_cruel_summer_yeezus_build_up,,78,5,671,,,,8.602564,,2026-05-12T16:42:07Z
facts_yeezus,,57,7,464,,,,8.140351,,2026-05-12T16:42:07Z
after_you_yeezus,,85,20,622,,,,7.317647,,2026-05-12T16:42:07Z
black_skinhead_yeezus,188.0000,85,8,454,2.414894,144.893640,27.127660,5.341176,,2026-05-12T16:42:07Z
blood_on_the_leaves_yeezus,360.0000,76,8,516,1.433333,85.999980,12.666667,6.789474,,2026-05-12T16:42:07Z
fml_yeezus,,57,3,322,,,,5.649123,,2026-05-12T16:42:07Z
on_sight_yeezus,,42,7,242,,,,5.761905,,2026-05-12T16:42:07Z
piss_on_your_grave_yeezus,,25,4,213,,,,8.520000,,2026-05-12T16:42:07Z
bound_2_yeezus,229.0000,55,5,366,1.598253,95.895180,14.410480,6.654545,1.000000,2026-05-12T16:42:07Z
can_t_stop_yeezus,,16,1,149,,,,9.312500,1.000000,2026-05-12T16:42:07Z
drunk_in_love_remix_yeezus,,27,1,254,,,,9.407407,1.000000,2026-05-12T16:42:07Z
guilt_trip_yeezus,,27,3,197,,,,7.296296,1.000000,2026-05-12T16:42:07Z
hold_my_liquor_yeezus,,51,4,283,,,,5.549020,1.000000,2026-05-12T16:42:07Z
i_am_a_god_yeezus,,51,9,281,,,,5.509804,1.000000,2026-05-12T16:42:07Z
i_won_yeezus,,15,1,135,,,,9.000000,1.000000,2026-05-12T16:42:07Z
i_m_in_it_yeezus,,66,6,462,,,,7.000000,1.000000,2026-05-12T16:42:07Z
jukebox_joints_yeezus,,19,1,143,,,,7.526316,1.000000,2026-05-12T16:42:07Z
m_p_a_yeezus,,16,4,68,,,,4.250000,1.000000,2026-05-12T16:42:07Z
mula_yeezus,,38,3,267,,,,7.026316,1.000000,2026-05-12T16:42:07Z
new_slaves_yeezus,256.0000,72,14,535,2.089844,125.390640,16.875000,7.430556,1.000000,2026-05-12T16:42:07Z
one_man_can_change_the_world_yeezus,,9,1,87,,,,9.666667,1.000000,2026-05-12T16:42:07Z
sanctified_yeezus,,24,4,193,,,,8.041667,1.000000,2026-05-12T16:42:07Z
send_it_up_yeezus,,23,3,171,,,,7.434783,1.000000,2026-05-12T16:42:07Z
thank_you_yeezus,,11,1,60,,,,5.454545,1.000000,2026-05-12T16:42:07Z
u_mad_yeezus,,50,5,340,,,,6.800000,1.000000,2026-05-12T16:42:07Z
sanctified_the_life_of_pablo,289.0000,22,2,193,0.667820,40.069200,4.567474,8.772727,0.331046,2026-05-12T16:42:07Z
only_one_the_life_of_pablo,282.0000,48,7,393,1.393617,83.617020,10.212766,8.187500,,2026-05-12T16:42:07Z
fourfiveseconds_the_life_of_pablo,188.0000,25,5,177,0.941489,56.489340,7.978723,7.080000,,2026-05-12T16:42:07Z
all_day_the_life_of_pablo,310.0000,76,7,603,1.945161,116.709660,14.709677,7.934211,,2026-05-12T16:42:07Z
30_hours_the_life_of_pablo,,100,5,691,,,,6.910000,,2026-05-12T16:42:07Z
facts_charlie_heat_version_the_life_of_pablo,,58,7,557,,,,9.603448,,2026-05-12T16:42:07Z
feedback_the_life_of_pablo,147.0000,53,10,442,3.006803,180.408180,21.632653,8.339623,,2026-05-12T16:42:07Z
i_love_kanye_the_life_of_pablo,,15,2,186,,,,12.400000,,2026-05-12T16:42:07Z
low_lights_the_life_of_pablo,,38,3,308,,,,8.105263,,2026-05-12T16:42:07Z
no_more_parties_in_la_the_life_of_pablo,,128,5,1128,,,,8.812500,,2026-05-12T16:42:07Z
all_we_got_the_life_of_pablo,,44,4,259,,,,5.886364,0.506849,2026-05-12T16:42:07Z
castro_the_life_of_pablo,,95,6,425,,,,4.473684,1.000000,2026-05-12T16:42:07Z
fade_the_life_of_pablo,,15,1,77,,,,5.133333,1.000000,2026-05-12T16:42:07Z
famous_the_life_of_pablo,,40,3,223,,,,5.575000,1.000000,2026-05-12T16:42:07Z
father_stretch_my_hands_pt_1_the_life_of_pablo,,30,3,225,,,,7.500000,1.000000,2026-05-12T16:42:07Z
freestyle_4_the_life_of_pablo,,36,3,211,,,,5.861111,1.000000,2026-05-12T16:42:07Z
highlights_the_life_of_pablo,,65,6,465,,,,7.153846,1.000000,2026-05-12T16:42:07Z
pt_2_the_life_of_pablo,,52,12,239,,,,4.596154,1.000000,2026-05-12T16:42:07Z
pussy_print_the_life_of_pablo,,14,1,130,,,,9.285714,1.000000,2026-05-12T16:42:07Z
real_friends_the_life_of_pablo,,72,5,529,,,,7.347222,1.000000,2026-05-12T16:42:07Z
saint_pablo_the_life_of_pablo,,73,3,635,,,,8.698630,1.000000,2026-05-12T16:42:07Z
that_part_the_life_of_pablo,,50,3,316,,,,6.320000,1.000000,2026-05-12T16:42:07Z
tiimmy_turner_remix_the_life_of_pablo,,26,1,155,,,,5.961538,1.000000,2026-05-12T16:42:07Z
ultralight_beam_the_life_of_pablo,,24,4,137,,,,5.708333,1.000000,2026-05-12T16:42:07Z
waves_the_life_of_pablo,,21,10,101,,,,4.809524,1.000000,2026-05-12T16:42:07Z
wolves_the_life_of_pablo,,56,5,362,,,,6.464286,1.000000,2026-05-12T16:42:07Z
ye_vs_the_people_the_life_of_pablo,202.0000,37,37,369,1.826733,109.603980,10.990099,9.972973,,2026-05-12T16:42:07Z
dat_side_quiet_year,,16,1,192,,,,12.000000,1.000000,2026-05-12T16:42:07Z
feel_me_quiet_year,,60,6,381,,,,6.350000,1.000000,2026-05-12T16:42:07Z
glow_quiet_year,206.0000,34,8,249,1.208738,72.524280,9.902913,7.323529,1.000000,2026-05-12T16:42:07Z
love_yourself_quiet_year,,14,2,145,,,,10.357143,1.000000,2026-05-12T16:42:07Z
brothers_wyoming_sessions_ye_ksg,,81,5,465,,,,5.740741,,2026-05-12T16:42:07Z
everything_wyoming_sessions_ye_ksg,116.0000,27,5,149,1.284483,77.068980,13.965517,5.518519,,2026-05-12T16:42:07Z
i_thought_about_killing_you_wyoming_sessions_ye_ksg,274.0000,35,2,345,1.259124,75.547440,7.664234,9.857143,,2026-05-12T16:42:07Z
lift_yourself_wyoming_sessions_ye_ksg,,18,6,87,,,,4.833333,,2026-05-12T16:42:07Z
no_mistakes_wyoming_sessions_ye_ksg,123.0000,16,1,164,1.333333,79.999980,7.804878,10.250000,,2026-05-12T16:42:07Z
the_storm_xxx_wyoming_sessions_ye_ksg,,7,1,33,,,,4.714286,,2026-05-12T16:42:07Z
violent_crimes_wyoming_sessions_ye_ksg,215.0000,38,1,311,1.446512,86.790720,10.604651,8.184211,,2026-05-12T16:42:07Z
we_got_love_wyoming_sessions_ye_ksg,,20,2,98,,,,4.900000,,2026-05-12T16:42:07Z
xtcy_wyoming_sessions_ye_ksg,,56,9,373,,,,6.660714,,2026-05-12T16:42:07Z
yikes_wyoming_sessions_ye_ksg,188.0000,63,9,485,2.579787,154.787220,20.106383,7.698413,,2026-05-12T16:42:07Z
4th_dimension_wyoming_sessions_ye_ksg,153.0000,12,1,106,0.692810,41.568600,4.705882,8.833333,0.230937,2026-05-12T16:42:07Z
cudi_montage_wyoming_sessions_ye_ksg,,63,3,354,,,,5.619048,0.591973,2026-05-12T16:42:07Z
fire_wyoming_sessions_ye_ksg,141.0000,8,2,85,0.602837,36.170220,3.404255,10.625000,0.301418,2026-05-12T16:42:07Z
reborn_wyoming_sessions_ye_ksg,324.0000,12,1,103,0.317901,19.074060,2.222222,8.583333,0.160436,2026-05-12T16:42:07Z
feel_the_love_wyoming_sessions_ye_ksg,,49,6,312,,,,6.367347,1.000000,2026-05-12T16:42:07Z
freeee_ghost_town_pt_2_wyoming_sessions_ye_ksg,,18,3,86,,,,4.777778,1.000000,2026-05-12T16:42:07Z
ghost_town_wyoming_sessions_ye_ksg,,16,1,98,,,,6.125000,1.000000,2026-05-12T16:42:07Z
kanga_wyoming_sessions_ye_ksg,,21,2,139,,,,6.619048,1.000000,2026-05-12T16:42:07Z
kids_see_ghosts_wyoming_sessions_ye_ksg,245.0000,24,1,232,0.946939,56.816340,5.877551,9.666667,1.000000,2026-05-12T16:42:07Z
law_of_attraction_wyoming_sessions_ye_ksg,,22,6,154,,,,7.000000,1.000000,2026-05-12T16:42:07Z
new_body_wyoming_sessions_ye_ksg,,19,1,162,,,,8.526316,1.000000,2026-05-12T16:42:07Z
one_minute_wyoming_sessions_ye_ksg,197.0000,36,1,335,1.700508,102.030480,10.964467,9.305556,1.000000,2026-05-12T16:42:07Z
watch_wyoming_sessions_ye_ksg,217.0000,18,1,159,0.732719,43.963140,4.976959,8.833333,1.000000,2026-05-12T16:42:07Z
wouldn_t_leave_wyoming_sessions_ye_ksg,,52,8,388,,,,7.461538,1.000000,2026-05-12T16:42:07Z
i_love_it_wyoming_sessions_ye_ksg,128.0000,18,3,179,1.398438,83.906280,8.437500,9.944444,,2026-05-12T16:42:07Z
everything_we_need_jesus_is_king,,14,2,79,,,,5.642857,1.000000,2026-05-12T16:42:07Z
hands_on_jesus_is_king,203.0000,72,5,487,2.399015,143.940900,21.280788,6.763889,1.000000,2026-05-12T16:42:07Z
use_this_gospel_jesus_is_king,,22,4,121,,,,5.500000,1.000000,2026-05-12T16:42:07Z
water_jesus_is_king,,42,3,115,,,,2.738095,1.000000,2026-05-12T16:42:07Z
closed_on_sunday_jesus_is_king,152.0000,26,4,235,1.546053,92.763180,10.263158,9.038462,,2026-05-12T16:42:07Z
every_hour_jesus_is_king,,38,7,415,,,,10.921053,,2026-05-12T16:42:07Z
follow_god_jesus_is_king,105.0000,38,4,398,3.790476,227.428560,21.714286,10.473684,,2026-05-12T16:42:07Z
glory_jesus_is_king,,77,6,421,,,,5.467532,,2026-05-12T16:42:07Z
god_is_jesus_is_king,203.0000,42,4,338,1.665025,99.901500,12.413793,8.047619,,2026-05-12T16:42:07Z
jesus_is_lord_jesus_is_king,49.0000,10,3,71,1.448980,86.938800,12.244898,7.100000,,2026-05-12T16:42:07Z
nah_nah_nah_jesus_is_king,,62,7,482,,,,7.774194,,2026-05-12T16:42:07Z
selah_jesus_is_king,165.0000,43,2,260,1.575758,94.545480,15.636364,6.046512,,2026-05-12T16:42:07Z
go2damoon_donda,,22,2,184,,,,8.363636,1.000000,2026-05-12T16:42:07Z
donda_donda,,33,3,211,,,,6.393939,1.000000,2026-05-12T16:42:07Z
god_breathed_donda,,45,5,273,,,,6.066667,1.000000,2026-05-12T16:42:07Z
hurricane_donda,,26,1,230,,,,8.846154,1.000000,2026-05-12T16:42:07Z
jail_donda,297.0000,50,8,265,0.892256,53.535360,10.101010,5.300000,1.000000,2026-05-12T16:42:07Z
jail_pt_2_donda,,46,8,265,,,,5.760870,1.000000,2026-05-12T16:42:07Z
jesus_lord_donda,,158,5,1194,,,,7.556962,1.000000,2026-05-12T16:42:07Z
jesus_lord_pt_2_donda,,147,6,1210,,,,8.231293,1.000000,2026-05-12T16:42:07Z
jonah_donda,,12,1,110,,,,9.166667,1.000000,2026-05-12T16:42:07Z
junya_donda,148.0000,78,7,385,2.601351,156.081060,31.621622,4.935897,1.000000,2026-05-12T16:42:07Z
junya_pt_2_donda,,76,6,352,,,,4.631579,1.000000,2026-05-12T16:42:07Z
keep_my_spirit_alive_pt_2_donda,,23,1,188,,,,8.173913,1.000000,2026-05-12T16:42:07Z
life_of_the_party_donda,,63,5,498,,,,7.904762,1.000000,2026-05-12T16:42:07Z
no_child_left_behind_donda,178.0000,6,1,32,0.179775,10.786500,2.022472,5.333333,1.000000,2026-05-12T16:42:07Z
off_the_grid_donda,339.0000,95,8,711,2.097345,125.840700,16.814159,7.484211,1.000000,2026-05-12T16:42:07Z
ok_ok_donda,205.0000,39,4,231,1.126829,67.609740,11.414634,5.923077,1.000000,2026-05-12T16:42:07Z
ok_ok_pt_2_donda,,36,3,209,,,,5.805556,1.000000,2026-05-12T16:42:07Z
praise_god_donda,226.0000,31,4,158,0.699115,41.946900,8.230088,5.096774,1.000000,2026-05-12T16:42:07Z
pure_souls_donda,,80,5,600,,,,7.500000,1.000000,2026-05-12T16:42:07Z
remote_control_donda,,23,6,141,,,,6.130435,1.000000,2026-05-12T16:42:07Z
remote_control_pt_2_donda,,18,5,106,,,,5.888889,1.000000,2026-05-12T16:42:07Z
24_donda,197.0000,32,4,205,1.040609,62.436540,9.746193,6.406250,,2026-05-12T16:42:07Z
believe_what_i_say_donda,242.0000,49,5,414,1.710744,102.644640,12.148760,8.448980,,2026-05-12T16:42:07Z
come_to_life_donda,310.0000,62,8,475,1.532258,91.935480,12.000000,7.661290,,2026-05-12T16:42:07Z
donda_chant_donda,,12,3,109,,,,9.083333,,2026-05-12T16:42:07Z
heaven_and_hell_donda,,33,2,239,,,,7.242424,,2026-05-12T16:42:07Z
lord_i_need_you_donda,162.0000,44,5,445,2.746914,164.814840,16.296296,10.113636,,2026-05-12T16:42:07Z
moon_donda,156.0000,12,1,96,0.615385,36.923100,4.615385,8.000000,,2026-05-12T16:42:07Z
new_again_donda,183.0000,41,5,343,1.874317,112.459020,13.442623,8.365854,,2026-05-12T16:42:07Z
tell_the_vision_donda,215.0000,5,3,54,0.251163,15.069780,1.395349,10.800000,,2026-05-12T16:42:07Z
never_abandon_your_family_donda,,22,3,158,,,,7.181818,,2026-05-12T16:42:07Z
up_from_the_ashes_donda,,18,5,137,,,,7.611111,,2026-05-12T16:42:07Z
city_of_gods_donda_2,256.0000,41,1,393,1.535156,92.109360,9.609375,9.585366,,2026-05-12T16:42:07Z
flowers_donda_2,,51,13,422,,,,8.274510,,2026-05-12T16:42:07Z
get_lost_donda_2,,45,2,279,,,,6.200000,,2026-05-12T16:42:07Z
happy_donda_2,,48,17,249,,,,5.187500,,2026-05-12T16:42:07Z
life_donda_2,310.0000,16,4,106,0.341935,20.516100,3.096774,6.625000,,2026-05-12T16:42:07Z
link_up_donda_2,,11,3,62,,,,5.636364,,2026-05-12T16:42:07Z
my_life_was_never_eazy_donda_2,,6,2,41,,,,6.833333,,2026-05-12T16:42:07Z
possessions_donda_2,,67,10,355,,,,5.298507,,2026-05-12T16:42:07Z
rock_n_roll_donda_2,,15,1,148,,,,9.866667,1.000000,2026-05-12T16:42:07Z
sci_fi_donda_2,,24,3,175,,,,7.291667,,2026-05-12T16:42:07Z
security_donda_2,,27,7,211,,,,7.814815,,2026-05-12T16:42:07Z
too_easy_donda_2,,45,6,238,,,,5.288889,,2026-05-12T16:42:07Z
we_made_it_donda_2,,71,11,419,,,,5.901408,,2026-05-12T16:42:07Z
broken_road_donda_2,,20,2,135,,,,6.750000,1.000000,2026-05-12T16:42:07Z
daylight_donda_2,,39,6,242,,,,6.205128,1.000000,2026-05-12T16:42:07Z
first_time_in_a_long_time_donda_2,,40,6,421,,,,10.525000,1.000000,2026-05-12T16:42:07Z
fortunate_donda_2,,41,5,280,,,,6.829268,1.000000,2026-05-12T16:42:07Z
louie_bags_donda_2,,75,8,597,,,,7.960000,1.000000,2026-05-12T16:42:07Z
mr_miyagi_donda_2,,46,8,345,,,,7.500000,1.000000,2026-05-12T16:42:07Z
pablo_donda_2,,62,5,453,,,,7.306452,1.000000,2026-05-12T16:42:07Z
selfish_donda_2,,21,1,123,,,,5.857143,1.000000,2026-05-12T16:42:07Z
true_love_donda_2,148.0000,28,4,241,1.628378,97.702680,11.351351,8.607143,1.000000,2026-05-12T16:42:07Z
we_did_it_kid_donda_2,,59,2,367,,,,6.220339,1.000000,2026-05-12T16:42:07Z
back_to_me_vultures_1_vultures_2,295.0000,40,2,283,0.959322,57.559320,8.135593,7.075000,,2026-05-12T16:42:07Z
burn_vultures_1_vultures_2,,32,3,199,,,,6.218750,0.590504,2026-05-12T16:42:07Z
carnival_vultures_1_vultures_2,264.0000,14,1,129,0.488636,29.318160,3.181818,9.214286,,2026-05-12T16:42:07Z
forever_vultures_1_vultures_2,,22,1,204,,,,9.272727,,2026-05-12T16:42:07Z
good_don_t_die_vultures_1_vultures_2,199.0000,24,2,186,0.934673,56.080380,7.236181,7.750000,0.732283,2026-05-12T16:42:07Z
keys_to_my_life_vultures_1_vultures_2,,39,3,325,,,,8.333333,0.727069,2026-05-12T16:42:07Z
king_vultures_1_vultures_2,,41,6,248,,,,6.048780,0.772586,2026-05-12T16:42:07Z
paid_vultures_1_vultures_2,,41,2,264,,,,6.439024,0.460733,2026-05-12T16:42:07Z
problematic_vultures_1_vultures_2,,52,2,460,,,,8.846154,0.830325,2026-05-12T16:42:07Z
stars_vultures_1_vultures_2,115.0000,12,1,61,0.530435,31.826100,6.260870,5.083333,0.219424,2026-05-12T16:42:07Z
talking_vultures_1_vultures_2,186.0000,4,1,76,0.408602,24.516120,1.290323,19.000000,0.144487,2026-05-12T16:42:07Z
vultures_vultures_1_vultures_2,277.0000,54,5,458,1.653430,99.205800,11.696751,8.481481,,2026-05-12T16:42:07Z
beg_forgiveness_vultures_1_vultures_2,,12,1,105,,,,8.750000,1.000000,2026-05-12T16:42:07Z
dead_vultures_1_vultures_2,,19,2,187,,,,9.842105,1.000000,2026-05-12T16:42:07Z
do_it_vultures_1_vultures_2,,25,2,190,,,,7.600000,1.000000,2026-05-12T16:42:07Z
field_trip_vultures_1_vultures_2,,15,3,88,,,,5.866667,1.000000,2026-05-12T16:42:07Z
forever_rolling_vultures_1_vultures_2,,29,3,267,,,,9.206897,1.000000,2026-05-12T16:42:07Z
fuk_sumn_vultures_1_vultures_2,,17,3,117,,,,6.882353,1.000000,2026-05-12T16:42:07Z
gun_to_my_head_vultures_1_vultures_2,,29,2,216,,,,7.448276,1.000000,2026-05-12T16:42:07Z
hoodrat_vultures_1_vultures_2,,68,7,332,,,,4.882353,1.000000,2026-05-12T16:42:07Z
lifestyle_vultures_1_vultures_2,,20,4,106,,,,5.300000,1.000000,2026-05-12T16:42:07Z
my_soul_vultures_1_vultures_2,,18,1,135,,,,7.500000,1.000000,2026-05-12T16:42:07Z
no_apologies_vultures_1_vultures_2,,58,5,215,,,,3.706897,1.000000,2026-05-12T16:42:07Z
no_bad_news_vultures_1_vultures_2,,15,3,94,,,,6.266667,1.000000,2026-05-12T16:42:07Z
no_face_vultures_1_vultures_2,,17,2,137,,,,8.058824,1.000000,2026-05-12T16:42:07Z
paperwork_vultures_1_vultures_2,,51,3,270,,,,5.294118,1.000000,2026-05-12T16:42:07Z
promotion_vultures_1_vultures_2,158.0000,28,4,164,1.037975,62.278500,10.632911,5.857143,1.000000,2026-05-12T16:42:07Z
plain_jane_vultures_1_vultures_2,,31,3,158,,,,5.096774,1.000000,2026-05-12T16:42:07Z
river_vultures_1_vultures_2,,37,5,266,,,,7.189189,1.000000,2026-05-12T16:42:07Z
sky_city_vultures_1_vultures_2,,32,2,294,,,,9.187500,1.000000,2026-05-12T16:42:07Z
trinity_205_vultures_1_vultures_2,,57,5,416,,,,7.298246,1.000000,2026-05-12T16:42:07Z
where_they_at_vultures_1_vultures_2,,81,6,370,,,,4.567901,1.000000,2026-05-12T16:42:07Z
act_iii_on_god_remix_vultures_1_vultures_2,,14,1,106,,,,7.571429,1.000000,2026-05-12T16:42:07Z
530_vultures_1_vultures_2,,84,8,711,,,,8.464286,0.870257,2026-05-12T16:42:07Z
fried_vultures_1_vultures_2,166.0000,24,6,188,1.132530,67.951800,8.674699,7.833333,0.497354,2026-05-12T16:42:07Z
husband_vultures_1_vultures_2,,29,1,282,,,,9.724138,0.962457,2026-05-12T16:42:07Z
maybe_vultures_1_vultures_2,,13,3,99,,,,7.615385,0.336735,2026-05-12T16:42:07Z
slide_vultures_1_vultures_2,198.0000,12,1,117,0.590909,35.454540,3.636364,9.750000,0.293233,2026-05-12T16:42:07Z
time_moving_slow_vultures_1_vultures_2,,38,5,255,,,,6.710526,0.637500,2026-05-12T16:42:07Z
beauty_and_the_beast_bully_build_up_cuck_iapw_controversy,105.0000,29,8,187,1.780952,106.857120,16.571429,6.448276,,2026-05-12T16:42:07Z
god_s_in_control_bully_build_up_cuck_iapw_controversy,,86,1,769,,,,8.941860,,2026-05-12T16:42:07Z
i_can_t_wait_bully_build_up_cuck_iapw_controversy,,37,6,234,,,,6.324324,,2026-05-12T16:42:07Z
mama_s_favorite_bully_build_up_cuck_iapw_controversy,,48,3,382,,,,7.958333,,2026-05-12T16:42:07Z
mission_control_bully_build_up_cuck_iapw_controversy,,31,6,149,,,,4.806452,,2026-05-12T16:42:07Z
punch_drunk_bully_build_up_cuck_iapw_controversy,,24,3,130,,,,5.416667,,2026-05-12T16:42:07Z
this_one_here_bully_build_up_cuck_iapw_controversy,,61,9,430,,,,7.049180,,2026-05-12T16:42:07Z
welcome_to_the_jungle_bully_build_up_cuck_iapw_controversy,,33,4,230,,,,6.969697,,2026-05-12T16:42:07Z
whatever_works_bully_build_up_cuck_iapw_controversy,,38,5,297,,,,7.815789,,2026-05-12T16:42:07Z
all_the_love_bully_build_up_cuck_iapw_controversy,229.0000,36,6,238,1.039301,62.358060,9.432314,6.611111,1.000000,2026-05-12T16:42:07Z
bully_bully_build_up_cuck_iapw_controversy,,28,4,134,,,,4.785714,1.000000,2026-05-12T16:42:07Z
father_bully_build_up_cuck_iapw_controversy,169.0000,22,3,158,0.934911,56.094660,7.810651,7.181818,1.000000,2026-05-12T16:42:07Z
last_breath_bully_build_up_cuck_iapw_controversy,187.0000,27,4,152,0.812834,48.770040,8.663102,5.629630,1.000000,2026-05-12T16:42:07Z
melrose_bully_build_up_cuck_iapw_controversy,,38,8,203,,,,5.342105,1.000000,2026-05-12T16:42:07Z
white_lines_bully_build_up_cuck_iapw_controversy,,38,3,194,,,,5.105263,1.000000,2026-05-12T16:42:07Z
circles_bully_build_up_cuck_iapw_controversy,,12,5,67,,,,5.583333,,2026-05-12T16:42:07Z
damn_bully_build_up_cuck_iapw_controversy,,40,4,221,,,,5.525000,,2026-05-12T16:42:07Z
highs_and_lows_bully_build_up_cuck_iapw_controversy,,21,5,147,,,,7.000000,,2026-05-12T16:42:07Z
king_bully_build_up_cuck_iapw_controversy,,41,6,248,,,,6.048780,,2026-05-12T16:42:07Z
preacher_man_bully_build_up_cuck_iapw_controversy,181.0000,61,8,412,2.276243,136.574580,20.220994,6.754098,,2026-05-12T16:42:07Z
this_a_must_bully_build_up_cuck_iapw_controversy,,28,5,321,,,,11.464286,,2026-05-12T16:42:07Z
billie_jean_2008_kanye_west_mix_808s_heartbreak,,19,2,106,,,,5.578947,0.209901,2026-05-12T16:42:07Z
freaky_girl_edit_wyoming_sessions_ye_ksg,,37,6,335,,,,9.054054,0.717345,2026-05-12T16:42:07Z
