track_id,track_title,era_clean,era_rank,release_date_clean,year,track_type,n_verses,n_lines,sent_mean_compound,sent_median_compound,sent_std_compound,sent_min_compound,sent_max_compound,sent_pct_positive,sent_pct_negative,sent_pct_neutral,sent_mean_pos,sent_mean_neg,word_count,unique_words,ttr,mtld,avg_word_len,avg_syllables,flesch_kincaid_grade,pct_one_syl,pct_three_plus_syl,parser_note
all_falls_down_pre_dropout_era,All Falls Down,Pre-Dropout era,0,2003-07-01,2003,Solo,7,81,0.0559,0.0,0.2898,-0.765,0.802,0.272,0.136,0.593,0.0883,0.0469,726,261,0.3595,34.89,3.84,1.186,1.9,0.833,0.017,
champions_pre_dropout_era,Champions,Pre-Dropout era,0,2003-07-01,2003,Feature,2,21,0.0116,0.0,0.3568,-0.5859,0.7096,0.333,0.333,0.333,0.1378,0.127,185,121,0.6541,105.41,4.01,1.2,2.01,0.854,0.043,
get_by_remix_pre_dropout_era,Get By (Remix),Pre-Dropout era,0,2003-07-01,2003,Feature/Remix,2,37,0.0382,0.0,0.2858,-0.8402,0.6192,0.297,0.162,0.541,0.1114,0.0556,357,207,0.5798,81.05,3.8,1.269,3.15,0.784,0.042,
hold_on_remix_pre_dropout_era,Hold On (Remix),Pre-Dropout era,0,2003-07-01,2003,Feature/Remix,2,18,0.0976,0.0,0.3365,-0.6808,0.7096,0.444,0.111,0.444,0.1479,0.0386,160,104,0.65,19.45,3.51,1.231,2.41,0.85,0.044,
the_good_the_bad_the_ugly_pre_dropout_era,"The Good, The Bad, The Ugly",Pre-Dropout era,0,2003-07-01,2003,Feature,5,65,-0.1015,0.0,0.5284,-0.872,0.7259,0.4,0.431,0.169,0.1851,0.2062,638,217,0.3401,36.74,3.69,1.185,2.22,0.828,0.009,
two_words_pre_dropout_era,Two Words,Pre-Dropout era,0,2003-07-01,2003,Solo,7,54,-0.063,0.0,0.227,-0.6486,0.3612,0.111,0.167,0.722,0.0412,0.0832,331,147,0.4441,33.0,4.22,1.332,2.52,0.755,0.045,
through_the_wire_pre_dropout_era,Through the Wire,Pre-Dropout era,0,2003-09-30,2003,Single,8,81,0.0401,0.0,0.2887,-0.8625,0.6486,0.296,0.16,0.543,0.1373,0.0631,622,301,0.4839,126.88,3.81,1.206,1.63,0.842,0.037,
breathe_in_breathe_out_the_college_dropout,Breathe In Breathe Out,The College Dropout,1,2004-02-10,2004,Solo,6,88,-0.0015,0.0,0.2793,-0.8271,0.5994,0.216,0.205,0.58,0.0767,0.0812,655,284,0.4336,27.88,3.76,1.218,1.69,0.821,0.037,
family_business_the_college_dropout,Family Business,The College Dropout,1,2004-02-10,2004,Solo,9,91,0.1071,0.0,0.2761,-0.6249,0.8207,0.286,0.088,0.626,0.1175,0.028,804,283,0.352,29.94,3.84,1.201,2.03,0.856,0.049,
get_em_high_the_college_dropout,Get 'Em High,The College Dropout,1,2004-02-10,2004,Solo,7,74,0.0019,0.0,0.2781,-0.8271,0.7964,0.149,0.108,0.743,0.0674,0.0436,538,217,0.4033,36.8,3.8,1.173,1.09,0.864,0.024,
intro_the_college_dropout,Intro,The College Dropout,1,2004-02-10,2004,Solo,2,7,0.1206,0.0,0.3191,0.0,0.8442,0.143,0.0,0.857,0.0606,0.0,106,83,0.783,114.4,4.93,1.613,9.35,0.698,0.151,
jesus_walks_the_college_dropout,Jesus Walks,The College Dropout,1,2004-02-10,2004,Solo,6,65,-0.0501,0.0,0.3507,-0.9274,0.631,0.231,0.262,0.508,0.0664,0.1114,541,231,0.427,64.48,3.98,1.251,2.42,0.778,0.022,
last_call_the_college_dropout,Last Call.,The College Dropout,1,2004-02-10,2004,Solo,10,99,-0.0139,0.0,0.31,-0.8402,0.9403,0.212,0.202,0.586,0.0698,0.076,902,373,0.4135,51.44,3.84,1.235,2.54,0.818,0.039,
lil_jimmy_skit_the_college_dropout,Lil Jimmy Skit,The College Dropout,1,2004-02-10,2004,Solo,2,17,-0.0186,0.0,0.2411,-0.5574,0.4588,0.176,0.235,0.588,0.0604,0.0752,186,116,0.6237,94.76,4.18,1.328,4.35,0.78,0.059,
never_let_me_down_the_college_dropout,Never Let Me Down,The College Dropout,1,2004-02-10,2004,Solo,21,101,0.0607,0.0,0.2578,-0.5994,0.744,0.228,0.119,0.653,0.0826,0.0323,645,257,0.3984,24.97,3.65,1.183,0.86,0.848,0.026,
school_spirit_the_college_dropout,School Spirit,The College Dropout,1,2004-02-10,2004,Solo,8,67,0.0956,0.0,0.244,-0.8126,0.7772,0.284,0.104,0.612,0.1247,0.0233,410,164,0.4,40.85,3.84,1.261,1.68,0.776,0.034,
slow_jamz_the_college_dropout,Slow Jamz,The College Dropout,1,2004-02-10,2004,Solo,3,44,0.2525,0.296,0.3349,-0.6298,0.9274,0.568,0.045,0.386,0.2776,0.0148,348,141,0.4052,18.34,3.76,1.224,1.94,0.828,0.029,
spaceship_the_college_dropout,Spaceship,The College Dropout,1,2004-02-10,2004,Solo,4,70,0.0666,0.0,0.2517,-0.5423,0.6369,0.286,0.1,0.614,0.1161,0.0428,373,151,0.4048,49.77,3.8,1.18,0.41,0.858,0.038,
the_new_workout_plan_the_college_dropout,The New Workout Plan,The College Dropout,1,2004-02-10,2004,Solo,14,129,-0.0097,0.0,0.2792,-0.7109,0.8771,0.186,0.209,0.605,0.0916,0.0944,707,257,0.3635,31.56,3.88,1.195,0.65,0.825,0.02,
we_don_t_care_the_college_dropout,We Don't Care,The College Dropout,1,2004-02-10,2004,Solo,9,85,-0.0297,0.0,0.2528,-0.5574,0.5719,0.188,0.247,0.565,0.0935,0.0818,649,255,0.3929,96.99,3.97,1.22,1.79,0.814,0.026,
workout_plan_the_college_dropout,Workout Plan,The College Dropout,1,2004-02-10,2004,Solo,1,24,-0.0912,0.0,0.2638,-0.5574,0.6124,0.083,0.25,0.667,0.0302,0.0885,161,89,0.5528,43.35,3.81,1.236,1.61,0.801,0.031,
confessions_part_ii_remix_the_college_dropout,Confessions Part II (Remix),The College Dropout,1,2004-07-01,2004,Feature,2,31,-0.0636,0.0,0.2124,-0.7096,0.3818,0.032,0.161,0.806,0.0253,0.0428,231,111,0.4805,36.27,3.72,1.152,0.9,0.887,0.03,
down_and_out_the_college_dropout,Down and Out,The College Dropout,1,2004-07-01,2004,Feature,4,63,0.0344,0.0,0.1975,-0.6908,0.5927,0.159,0.063,0.778,0.0626,0.0205,282,68,0.2411,30.48,3.57,1.121,-0.62,0.879,0.0,
gettin_it_in_the_college_dropout,Gettin' It In,The College Dropout,1,2004-07-01,2004,Feature,5,79,0.1022,0.0,0.2331,-0.628,0.7259,0.278,0.038,0.684,0.1674,0.0139,439,125,0.2847,37.35,3.87,1.194,0.66,0.825,0.014,
i_got_a_love_the_college_dropout,I Got a Love,The College Dropout,1,2004-07-01,2004,Feature,5,28,0.3538,0.2594,0.3258,0.0,0.7964,0.679,0.0,0.321,0.2439,0.0,276,53,0.192,38.97,3.37,1.12,1.47,0.891,0.007,
i_see_now_the_college_dropout,I See Now,The College Dropout,1,2004-07-01,2004,Feature,6,78,-0.0819,0.0,0.3224,-0.9081,0.5975,0.128,0.282,0.59,0.0544,0.0906,592,210,0.3547,52.49,3.55,1.164,1.1,0.872,0.025,
my_baby_the_college_dropout,My Baby,The College Dropout,1,2004-07-01,2004,Feature,1,17,-0.022,0.0,0.1643,-0.3182,0.4404,0.118,0.235,0.647,0.0638,0.0582,146,95,0.6507,80.43,3.86,1.267,2.71,0.767,0.021,
number_one_the_college_dropout,Number One,The College Dropout,1,2004-07-01,2004,Feature,4,30,0.1002,0.0,0.3252,-0.5574,0.8957,0.333,0.133,0.533,0.1346,0.0427,219,105,0.4795,26.2,3.63,1.164,1.0,0.849,0.014,
overnight_celebrity_the_college_dropout,Overnight Celebrity,The College Dropout,1,2004-07-01,2004,Feature,3,32,0.1424,0.0595,0.1612,0.0,0.3612,0.5,0.0,0.5,0.1574,0.0241,200,33,0.165,39.28,4.22,1.28,1.95,0.86,0.1,
selfish_the_college_dropout,Selfish,The College Dropout,1,2004-07-01,2004,Feature,3,35,0.0394,0.0,0.2896,-0.4767,0.7783,0.286,0.257,0.457,0.1811,0.1,195,112,0.5744,60.12,3.69,1.179,0.5,0.841,0.015,
talk_about_our_love_the_college_dropout,Talk About Our Love,The College Dropout,1,2004-07-01,2004,Feature,1,20,0.0934,0.0,0.2287,-0.3875,0.5423,0.35,0.1,0.55,0.0974,0.0253,152,101,0.6645,100.92,3.73,1.23,1.89,0.822,0.053,
this_way_the_college_dropout,This Way,The College Dropout,1,2004-07-01,2004,Feature,3,43,0.0806,0.0,0.2251,-0.4404,0.7096,0.256,0.07,0.674,0.1129,0.0182,358,111,0.3101,13.6,3.46,1.134,1.04,0.894,0.028,
anything_late_registration,Anything,Late Registration,2,2005-07-01,2005,Feature,2,23,0.1436,0.0,0.2752,-0.1531,0.729,0.261,0.043,0.696,0.101,0.0151,161,97,0.6025,46.75,3.57,1.193,1.21,0.845,0.031,
back_like_that_remix_late_registration,Back Like That (Remix),Late Registration,2,2005-07-01,2005,Feature,3,37,0.0491,0.0,0.2661,-0.7096,0.5093,0.297,0.135,0.568,0.1753,0.0486,258,143,0.5543,50.1,3.63,1.171,0.94,0.857,0.023,
call_some_hoes_late_registration,Call Some Hoes,Late Registration,2,2005-07-01,2005,Feature,2,23,-0.1489,0.0,0.374,-0.9059,0.5106,0.087,0.304,0.609,0.0361,0.1373,169,111,0.6568,100.19,3.62,1.195,1.38,0.84,0.03,
chi_town_late_registration,Chi-Town,Late Registration,2,2005-07-01,2005,Feature,1,17,-0.0151,0.0,0.2759,-0.4215,0.7845,0.118,0.294,0.588,0.0551,0.0644,157,94,0.5987,34.06,3.84,1.21,2.29,0.854,0.051,
crack_music_remix_late_registration,Crack Music (Remix),Late Registration,2,2005-07-01,2005,Feature,7,70,0.0081,0.0,0.1995,-0.6908,0.5267,0.129,0.1,0.771,0.0407,0.0337,497,165,0.332,6.15,3.59,1.221,1.59,0.815,0.03,
ghetto_late_registration,Ghetto,Late Registration,2,2005-07-01,2005,Feature,5,26,-0.0346,0.0,0.1222,-0.4497,0.0,0.0,0.077,0.923,0.0,0.0175,164,38,0.2317,26.18,3.54,1.171,0.68,0.848,0.018,
go_late_registration,Go!,Late Registration,2,2005-07-01,2005,Feature,3,44,0.0,0.0,0.0,0.0,0.0,0.0,0.0,1.0,0.0,0.0,264,15,0.0568,8.53,2.94,1.136,0.16,0.955,0.045,Common primary; Kanye featured. Genius URL credits Kanye as featured artist; original pipeline track_type did not reflect Tier 3 feature status. Phase 4b corpus cleanup corrected misclassification (not based on dedicated line content review). Re-flagged as Tier 3 feature.
grown_man_pt_2_late_registration,Grown Man Pt. 2,Late Registration,2,2005-07-01,2005,Feature,1,18,0.015,0.0,0.3309,-0.6908,0.7506,0.222,0.167,0.611,0.0616,0.0639,160,104,0.65,88.96,3.41,1.119,1.08,0.9,0.019,
hold_me_late_registration,Hold Me,Late Registration,2,2005-07-01,2005,Feature,2,50,0.0484,0.0,0.2457,-0.6808,0.6369,0.28,0.1,0.62,0.0941,0.0431,378,179,0.4735,43.12,3.76,1.198,1.5,0.841,0.026,
i_see_now_late_registration,I See Now,Late Registration,2,2005-07-01,2005,Feature,6,78,-0.0819,0.0,0.3224,-0.9081,0.5975,0.128,0.282,0.59,0.0544,0.0906,592,210,0.3547,52.49,3.55,1.164,1.1,0.872,0.025,
make_her_feel_good_remix_late_registration,Make Her Feel Good (Remix),Late Registration,2,2005-07-01,2005,Feature,1,16,0.1184,0.0,0.1895,-0.0258,0.4404,0.312,0.0,0.688,0.0985,0.0243,138,94,0.6812,58.01,4.04,1.348,3.68,0.703,0.051,
more_late_registration,More,Late Registration,2,2005-07-01,2005,Feature,4,64,0.0598,0.0772,0.285,-0.5574,0.4215,0.625,0.125,0.25,0.2521,0.0745,280,25,0.0893,33.06,3.51,1.314,1.62,0.829,0.086,
number_one_late_registration,Number One,Late Registration,2,2005-07-01,2005,Feature,7,166,0.1007,0.0,0.2821,-0.8074,0.8555,0.319,0.06,0.62,0.1265,0.0247,851,192,0.2256,41.54,3.71,1.169,0.21,0.867,0.018,
paid_the_price_late_registration,Paid the Price,Late Registration,2,2005-07-01,2005,Feature,2,23,-0.0611,0.0,0.3168,-0.6808,0.6124,0.13,0.261,0.609,0.0736,0.1102,148,98,0.6622,85.02,3.72,1.203,1.11,0.838,0.041,
still_dreaming_late_registration,Still Dreaming,Late Registration,2,2005-07-01,2005,Feature,4,66,0.0749,0.0,0.2812,-0.4939,0.872,0.152,0.061,0.788,0.0942,0.0165,354,104,0.2938,8.24,4.25,1.201,0.67,0.808,0.006,
tell_me_when_to_go_remix_late_registration,Tell Me When to Go (Remix),Late Registration,2,2005-07-01,2005,Feature,1,19,-0.0653,0.0,0.3063,-0.784,0.3612,0.211,0.211,0.579,0.0608,0.0854,161,90,0.559,34.84,3.81,1.168,1.49,0.857,0.025,
they_say_late_registration,They Say,Late Registration,2,2005-07-01,2005,Solo,5,47,0.0329,0.0,0.255,-0.5423,0.6597,0.191,0.128,0.681,0.0628,0.0412,313,137,0.4377,39.39,3.94,1.179,0.92,0.859,0.032,
top_this_late_registration,Top This,Late Registration,2,2005-07-01,2005,Feature,1,20,-0.0131,0.0,0.3731,-0.6908,0.4767,0.4,0.3,0.3,0.1103,0.1291,165,123,0.7455,181.5,3.97,1.242,2.29,0.812,0.036,Bump J primary; Kanye featured. Originally categorized as ghost/non-feature in Phase 4b audit; line content review confirmed Kanye verse contribution. Re-flagged as Tier 3 feature.
whole_city_behind_us_late_registration,Whole City Behind Us,Late Registration,2,2005-07-01,2005,Feature,5,37,-0.0248,0.0,0.2329,-0.9001,0.5267,0.081,0.081,0.838,0.0433,0.0329,292,103,0.3527,25.99,3.99,1.277,2.56,0.747,0.021,
wouldn_t_get_far_late_registration,Wouldn't Get Far,Late Registration,2,2005-07-01,2005,Feature,2,31,-0.0691,0.0,0.2872,-0.8126,0.4927,0.097,0.161,0.742,0.0325,0.0697,227,131,0.5771,78.78,3.47,1.088,0.11,0.912,0.0,
addiction_late_registration,Addiction,Late Registration,2,2005-08-30,2005,Solo,15,57,0.1408,0.0,0.2688,-0.34,0.7717,0.386,0.088,0.526,0.1591,0.0386,477,164,0.3438,45.55,3.64,1.216,2.02,0.853,0.048,
back_to_basics_late_registration,Back to Basics.,Late Registration,2,2005-08-30,2005,Solo,1,25,0.0521,0.0,0.3433,-0.8126,0.6486,0.28,0.12,0.6,0.1156,0.0517,158,104,0.6582,57.69,3.85,1.203,1.06,0.797,0.0,
bring_me_down_late_registration,Bring Me Down,Late Registration,2,2005-08-30,2005,Solo,1,26,-0.0045,0.0,0.3502,-0.9287,0.6369,0.269,0.231,0.5,0.0711,0.0893,245,147,0.6,58.62,3.93,1.265,3.02,0.796,0.041,
celebration_late_registration,Celebration,Late Registration,2,2005-08-30,2005,Solo,8,64,-0.0727,0.0,0.2338,-0.5994,0.4767,0.094,0.219,0.688,0.0392,0.0929,361,136,0.3767,36.25,3.59,1.166,0.37,0.87,0.028,
crack_music_late_registration,Crack Music,Late Registration,2,2005-08-30,2005,Solo,6,62,0.0083,0.0,0.2103,-0.6908,0.5267,0.145,0.113,0.742,0.0456,0.0376,449,165,0.3675,6.66,3.64,1.227,1.71,0.813,0.033,
diamonds_from_sierra_leone_late_registration,Diamonds from Sierra Leone,Late Registration,2,2005-08-30,2005,Solo,5,77,0.0365,0.0,0.218,-0.6908,0.6369,0.221,0.156,0.623,0.0694,0.0452,666,303,0.455,31.79,4.07,1.351,3.73,0.734,0.078,
diamonds_from_sierra_leone_remix_late_registration,Diamonds from Sierra Leone (Remix),Late Registration,2,2005-08-30,2005,Solo,5,52,0.0324,0.0,0.2421,-0.6113,0.5598,0.212,0.096,0.692,0.0704,0.0318,353,167,0.4731,26.02,4.13,1.36,3.1,0.703,0.062,
drive_slow_late_registration,Drive Slow,Late Registration,2,2005-08-30,2005,Solo,9,79,0.0614,0.0,0.2439,-0.4215,0.8074,0.19,0.089,0.722,0.064,0.0218,597,248,0.4154,32.87,3.85,1.201,1.53,0.829,0.028,
gold_digger_late_registration,Gold Digger,Late Registration,2,2005-08-30,2005,Solo,13,79,0.1134,0.0,0.289,-0.5994,0.8271,0.266,0.063,0.671,0.1014,0.0256,668,227,0.3398,34.51,3.78,1.159,1.38,0.855,0.012,
gone_late_registration,Gone,Late Registration,2,2005-08-30,2005,Solo,4,53,0.0565,0.0,0.2915,-0.7269,0.8651,0.226,0.113,0.66,0.0711,0.0381,485,261,0.5381,57.47,3.82,1.252,2.75,0.808,0.043,
heard_em_say_late_registration,Heard 'Em Say,Late Registration,2,2005-08-30,2005,Solo,6,49,0.0705,0.0,0.2889,-0.5859,0.7717,0.306,0.143,0.551,0.112,0.0447,357,163,0.4566,42.74,3.99,1.317,2.79,0.768,0.076,
hey_mama_late_registration,Hey Mama,Late Registration,2,2005-08-30,2005,Solo,7,85,0.1553,0.0,0.2769,-0.7096,0.8344,0.424,0.059,0.518,0.118,0.0269,714,259,0.3627,66.57,3.68,1.223,2.11,0.822,0.036,
late_late_registration,Late.,Late Registration,2,2005-08-30,2005,Solo,10,81,0.0037,0.0,0.2197,-0.7356,0.6939,0.136,0.148,0.716,0.0549,0.0501,570,201,0.3526,34.81,3.76,1.175,1.02,0.877,0.04,
roses_late_registration,Roses,Late Registration,2,2005-08-30,2005,Solo,2,42,0.0283,0.0,0.2674,-0.6072,0.6369,0.238,0.167,0.595,0.0673,0.0453,349,200,0.5731,133.49,3.97,1.232,2.19,0.834,0.049,
skit_1_late_registration,Skit #1,Late Registration,2,2005-08-30,2005,Solo,2,16,-0.0386,0.0,0.3022,-0.6808,0.4574,0.188,0.188,0.625,0.0816,0.0882,122,71,0.582,32.01,4.16,1.328,3.05,0.811,0.041,
skit_2_late_registration,Skit #2,Late Registration,2,2005-08-30,2005,Solo,2,17,-0.2918,0.0,0.5308,-0.9402,0.4168,0.235,0.471,0.294,0.0908,0.3765,109,33,0.3028,9.01,4.48,1.284,2.07,0.844,0.055,
skit_3_late_registration,Skit #3,Late Registration,2,2005-08-30,2005,Solo,2,10,-0.0292,0.0,0.2689,-0.4215,0.5514,0.1,0.2,0.7,0.0165,0.0698,81,52,0.642,49.83,4.54,1.481,5.05,0.716,0.099,
skit_4_late_registration,Skit #4,Late Registration,2,2005-08-30,2005,Solo,11,21,-0.1921,0.0,0.4051,-0.8807,0.4199,0.143,0.381,0.476,0.0436,0.1834,254,126,0.4961,31.53,4.3,1.307,4.55,0.791,0.055,
touch_the_sky_late_registration,Touch the Sky,Late Registration,2,2005-08-30,2005,Solo,9,62,0.011,0.0,0.3598,-0.7269,0.6124,0.274,0.258,0.468,0.104,0.0801,566,189,0.3339,23.58,3.64,1.186,1.96,0.846,0.028,
we_can_make_it_better_late_registration,We Can Make It Better,Late Registration,2,2005-08-30,2005,Solo,8,75,0.227,0.296,0.2284,0.0,0.6249,0.507,0.0,0.493,0.2123,0.0,317,71,0.224,12.26,3.71,1.256,0.87,0.767,0.016,
we_major_late_registration,We Major,Late Registration,2,2005-08-30,2005,Solo,8,80,0.0059,0.0,0.3361,-0.8205,0.8338,0.2,0.175,0.625,0.0922,0.0759,545,191,0.3505,13.53,3.9,1.255,1.88,0.796,0.029,
impossible_late_registration,Impossible,Late Registration,2,2006-05-09,2006,Solo,1,19,0.0244,0.0,0.3864,-0.6808,0.5719,0.316,0.263,0.421,0.0943,0.0836,148,88,0.5946,50.57,4.08,1.284,2.6,0.818,0.061,
grammy_family_late_registration,Grammy Family,Late Registration,2,2006-06-01,2006,Feature,4,46,-0.0634,0.0,0.2919,-0.6705,0.6369,0.109,0.239,0.652,0.0455,0.0759,337,164,0.4866,11.68,3.44,1.226,1.73,0.804,0.024,
barry_bonds_graduation,Barry Bonds,Graduation,3,2007-07-01,2007,Solo,12,49,-0.0138,0.0,0.2859,-0.5574,0.8462,0.224,0.265,0.51,0.0804,0.0918,350,163,0.4657,78.58,3.89,1.266,2.13,0.774,0.04,
because_of_you_remix_graduation,Because of You (Remix),Graduation,3,2007-07-01,2007,Feature,1,26,0.0655,0.0,0.323,-0.5574,0.8674,0.231,0.154,0.615,0.0936,0.0457,185,109,0.5892,55.29,3.75,1.205,1.41,0.843,0.043,Ne-Yo primary; Kanye featured. Genius URL credits Kanye as featured artist; original pipeline track_type did not reflect Tier 3 feature status. Phase 4b corpus cleanup corrected misclassification (not based on dedicated line content review). Re-flagged as Tier 3 feature.
bittersweet_poetry_graduation,Bittersweet Poetry,Graduation,3,2007-07-01,2007,Solo,7,70,-0.1301,0.0,0.2883,-0.8625,0.6652,0.071,0.429,0.5,0.0518,0.1723,557,182,0.3268,42.47,3.85,1.268,2.47,0.811,0.057,
buy_you_a_drank_remix_graduation,Buy You a Drank (Remix),Graduation,3,2007-07-01,2007,Feature,2,24,0.0389,0.0,0.3334,-0.6369,0.7269,0.333,0.167,0.5,0.0918,0.0566,241,141,0.5851,49.26,3.6,1.133,1.69,0.88,0.012,T-Pain primary; Kanye featured. Originally categorized as ghost/non-feature in Phase 4b audit; line content review confirmed Kanye verse contribution. Re-flagged as Tier 3 feature.
drunk_and_hot_girls_graduation,Drunk and Hot Girls,Graduation,3,2007-07-01,2007,Solo,11,79,-0.2463,-0.34,0.302,-0.5996,0.6369,0.089,0.62,0.291,0.0313,0.3107,406,119,0.2931,30.81,3.85,1.071,-0.94,0.931,0.002,
flashing_lights_graduation,Flashing Lights,Graduation,3,2007-07-01,2007,Solo,2,32,0.0357,0.0,0.2892,-0.7269,0.6486,0.25,0.094,0.656,0.0881,0.0808,229,145,0.6332,65.49,3.99,1.284,2.35,0.782,0.052,
good_life_graduation,Good Life,Graduation,3,2007-07-01,2007,Solo,5,83,0.1485,0.0,0.3569,-0.8126,0.7096,0.41,0.096,0.494,0.1864,0.0469,505,182,0.3604,35.4,3.54,1.152,0.38,0.871,0.018,
good_night_graduation,Good Night,Graduation,3,2007-07-01,2007,Solo,2,24,0.1263,0.0,0.2834,-0.3566,0.7003,0.417,0.208,0.375,0.1241,0.0511,224,114,0.5089,27.99,3.61,1.156,1.69,0.871,0.027,
homecoming_graduation,Homecoming,Graduation,3,2007-07-01,2007,Solo,4,42,0.1274,0.0,0.2474,-0.4767,0.6369,0.333,0.048,0.619,0.133,0.0243,381,171,0.4488,48.59,3.79,1.181,1.88,0.861,0.026,
in_the_mood_graduation,In the Mood,Graduation,3,2007-07-01,2007,Feature,3,48,0.0981,0.0,0.2757,-0.524,0.7691,0.438,0.167,0.396,0.1771,0.075,388,141,0.3634,55.23,3.68,1.173,1.4,0.856,0.028,
southside_graduation,Southside,Graduation,3,2007-07-01,2007,Feature,11,137,0.036,0.0,0.1641,-0.4215,0.7717,0.124,0.036,0.839,0.0447,0.0203,514,183,0.356,12.55,3.75,1.169,-0.33,0.856,0.019,
stay_up_viagra_graduation,Stay Up! (Viagra),Graduation,3,2007-07-01,2007,Feature,4,68,0.0094,0.0,0.2403,-0.8225,0.7602,0.147,0.103,0.75,0.0658,0.037,349,150,0.4298,20.53,3.84,1.192,0.48,0.851,0.04,
big_brother_graduation,Big Brother,Graduation,3,2007-09-11,2007,Solo,12,91,-0.0027,0.0,0.2917,-0.8765,0.6369,0.231,0.209,0.56,0.0625,0.0659,863,341,0.3951,67.18,3.74,1.248,2.83,0.791,0.024,
can_t_tell_me_nothing_graduation,Can't Tell Me Nothing,Graduation,3,2007-09-11,2007,,12,104,0.072,0.0,0.3145,-0.7096,0.8225,0.308,0.125,0.567,0.1981,0.0515,599,219,0.3656,25.54,3.73,1.207,0.9,0.83,0.033,
good_morning_graduation,Good Morning,Graduation,3,2007-09-11,2007,Solo,8,49,0.0833,0.0,0.3774,-0.7783,0.7424,0.429,0.204,0.367,0.2761,0.07,287,142,0.4948,33.88,4.38,1.355,2.69,0.732,0.063,
i_wonder_graduation,I Wonder,Graduation,3,2007-09-11,2007,Solo,3,31,0.066,0.0,0.2686,-0.6369,0.6705,0.258,0.097,0.645,0.0741,0.0332,272,135,0.4963,43.25,3.93,1.246,2.54,0.801,0.044,
stronger_graduation,Stronger,Graduation,3,2007-09-11,2007,,9,151,0.067,0.0,0.2661,-0.8034,0.6705,0.252,0.106,0.642,0.0949,0.0407,899,182,0.2024,26.11,3.8,1.248,1.46,0.786,0.024,
the_glory_graduation,The Glory,Graduation,3,2007-09-11,2007,Solo,6,83,0.0277,0.0,0.3443,-0.8402,0.7964,0.325,0.361,0.313,0.132,0.1165,625,260,0.416,36.17,3.74,1.253,2.13,0.778,0.024,
american_boy_808s_heartbreak,American Boy,808s & Heartbreak,4,2008-03-21,2008,Feature,2,33,0.1703,0.0,0.3326,-0.7076,0.7506,0.485,0.091,0.424,0.1666,0.0411,247,148,0.5992,72.94,3.95,1.247,2.04,0.81,0.036,
amazing_808s_heartbreak,Amazing,808s & Heartbreak,4,2008-07-01,2008,Solo,10,77,0.377,0.5859,0.3711,-0.6486,0.9758,0.701,0.078,0.221,0.5431,0.0389,258,62,0.2403,10.49,4.28,1.589,4.47,0.663,0.244,
digital_girl_808s_heartbreak,Digital Girl,808s & Heartbreak,4,2008-07-01,2008,Feature,2,36,0.0491,0.0,0.2017,-0.4023,0.4588,0.222,0.111,0.667,0.0679,0.0331,294,174,0.5918,67.41,3.71,1.221,2.0,0.816,0.031,
everybody_808s_heartbreak,Everybody,808s & Heartbreak,4,2008-07-01,2008,Feature,3,58,0.1588,0.2235,0.1998,-0.1673,0.5248,0.672,0.207,0.121,0.3503,0.0761,255,24,0.0941,7.85,3.95,1.133,-0.5,0.914,0.016,
everyone_nose_remix_808s_heartbreak,Everyone Nose (Remix),808s & Heartbreak,4,2008-07-01,2008,Feature,4,38,-0.0355,0.0,0.2146,-0.6968,0.6553,0.079,0.158,0.763,0.026,0.089,290,79,0.2724,13.29,4.04,1.197,1.51,0.814,0.007,
finer_things_808s_heartbreak,Finer Things,808s & Heartbreak,4,2008-07-01,2008,Feature,2,18,-0.0053,0.0,0.3972,-0.6808,0.7964,0.278,0.278,0.444,0.1358,0.1048,144,105,0.7292,110.44,4.06,1.264,2.44,0.799,0.049,
go_hard_808s_heartbreak,Go Hard,808s & Heartbreak,4,2008-07-01,2008,Feature,4,67,-0.075,0.0,0.3982,-0.8398,0.7891,0.254,0.493,0.254,0.0978,0.1689,579,201,0.3472,46.45,3.45,1.105,0.82,0.91,0.01,
i_still_love_h_e_r_808s_heartbreak,I Still Love H.E.R.,808s & Heartbreak,4,2008-07-01,2008,Feature,8,74,0.1661,0.0,0.3878,-0.6808,0.8316,0.486,0.162,0.351,0.2333,0.0681,456,153,0.3355,36.26,3.5,1.243,1.49,0.833,0.053,
it_s_over_808s_heartbreak,It's Over,808s & Heartbreak,4,2008-07-01,2008,Feature,1,16,0.0676,0.0,0.293,-0.6956,0.4404,0.375,0.125,0.5,0.1267,0.0504,91,62,0.6813,36.46,3.96,1.297,1.93,0.725,0.022,
paranoid_808s_heartbreak,Paranoid,808s & Heartbreak,4,2008-07-01,2008,Solo,8,74,-0.0511,0.0,0.3819,-0.8442,0.802,0.243,0.284,0.473,0.1139,0.1258,429,139,0.324,23.61,4.02,1.212,0.97,0.828,0.037,
punch_drunk_love_808s_heartbreak,Punch Drunk Love,808s & Heartbreak,4,2008-07-01,2008,Feature,4,42,0.0359,0.0,0.221,-0.34,0.5719,0.167,0.19,0.643,0.1536,0.0709,201,28,0.1393,16.9,3.52,1.219,0.66,0.841,0.06,
see_you_in_my_nightmares_808s_heartbreak,See You in My Nightmares,808s & Heartbreak,4,2008-07-01,2008,Solo,7,46,0.0248,0.0,0.2498,-0.4767,0.5927,0.261,0.174,0.565,0.142,0.0531,278,91,0.3273,17.49,3.72,1.162,0.48,0.906,0.025,
welcome_to_heartbreak_808s_heartbreak,Welcome to Heartbreak,808s & Heartbreak,4,2008-07-01,2008,Solo,8,59,0.0642,0.0,0.2392,-0.5423,0.6369,0.271,0.119,0.61,0.1187,0.0483,356,97,0.2725,11.12,3.59,1.143,0.25,0.862,0.006,
lollipop_remix_808s_heartbreak,Lollipop (Remix),808s & Heartbreak,4,2008-08-26,2008,Feature,1,20,0.1505,0.0,0.3769,-0.5994,0.854,0.4,0.2,0.4,0.1437,0.0406,194,119,0.6134,46.02,3.7,1.16,1.88,0.876,0.026,
put_on_808s_heartbreak,Put On,808s & Heartbreak,4,2008-09-02,2008,Feature,3,30,0.0117,0.0,0.2674,-0.431,0.7026,0.2,0.2,0.6,0.0964,0.0757,259,100,0.3861,24.72,3.65,1.201,1.95,0.853,0.046,
swagga_like_us_808s_heartbreak,Swagga Like Us,808s & Heartbreak,4,2008-09-09,2008,Feature,1,16,-0.0284,0.0,0.2635,-0.668,0.6124,0.125,0.125,0.75,0.0254,0.0356,119,84,0.7059,89.25,4.03,1.311,2.78,0.748,0.059,
coldest_winter_808s_heartbreak,Coldest Winter,808s & Heartbreak,4,2008-11-24,2008,Solo,8,26,0.1311,0.0,0.4187,-0.4404,0.8126,0.269,0.192,0.538,0.1471,0.0615,214,78,0.3645,21.77,4.32,1.435,4.55,0.692,0.084,
heartless_808s_heartbreak,Heartless,808s & Heartbreak,4,2008-11-24,2008,,9,62,-0.1593,0.0,0.3285,-0.7518,0.6486,0.048,0.29,0.661,0.018,0.1263,462,152,0.329,31.77,3.65,1.16,1.01,0.864,0.024,
love_lockdown_808s_heartbreak,Love Lockdown,808s & Heartbreak,4,2008-11-24,2008,,7,52,0.019,0.0,0.5142,-0.6597,0.8646,0.346,0.442,0.212,0.1628,0.1982,396,123,0.3106,19.45,3.84,1.212,1.68,0.808,0.015,
pinocchio_story_808s_heartbreak,Pinocchio Story,808s & Heartbreak,4,2008-11-24,2008,Solo,7,70,0.0861,0.0,0.3623,-0.9524,0.7783,0.371,0.243,0.386,0.1504,0.0653,587,198,0.3373,32.24,3.87,1.242,2.33,0.836,0.053,
robocop_808s_heartbreak,RoboCop,808s & Heartbreak,4,2008-11-24,2008,Solo,10,71,0.0496,0.0,0.3066,-0.8481,0.7096,0.394,0.225,0.38,0.1821,0.0961,467,159,0.3405,25.18,3.79,1.274,2.01,0.799,0.043,
say_you_will_808s_heartbreak,Say You Will,808s & Heartbreak,4,2008-11-24,2008,Solo,10,26,0.083,0.0,0.2705,-0.5719,0.6983,0.269,0.115,0.615,0.0906,0.0272,219,104,0.4749,17.04,3.93,1.183,1.65,0.895,0.041,
street_lights_808s_heartbreak,Street Lights,808s & Heartbreak,4,2008-11-24,2008,Solo,7,38,0.0302,0.0,0.1875,-0.4549,0.3612,0.184,0.132,0.684,0.0484,0.0375,296,76,0.2568,31.85,4.09,1.294,2.72,0.831,0.054,
american_boy_post_808s_feature_run,American Boy,Post-808s feature run,5,2008-03-21,2008,Feature/Single,2,52,0.1177,0.0,0.279,-0.7076,0.6369,0.365,0.077,0.558,0.2149,0.0302,247,148,0.5992,72.94,3.95,1.247,0.98,0.81,0.036,
knock_you_down_post_808s_feature_run,Knock You Down,Post-808s feature run,5,2009-03-10,2009,Feature,1,20,-0.0054,0.0,0.3763,-0.7003,0.7184,0.2,0.25,0.55,0.0746,0.1013,173,113,0.6532,90.79,3.98,1.243,2.45,0.78,0.023,
mama_s_boyfriend_post_808s_feature_run,Mama's Boyfriend,Post-808s feature run,5,2009-06-15,2009,,7,66,-0.0575,0.0,0.2485,-0.6964,0.743,0.136,0.333,0.53,0.0747,0.1203,549,244,0.4444,42.06,3.97,1.275,2.7,0.756,0.027,
alright_post_808s_feature_run,Alright,Post-808s feature run,5,2009-07-01,2009,Feature,1,18,-0.1193,0.0,0.4035,-0.8934,0.7906,0.167,0.389,0.444,0.065,0.1741,173,114,0.659,95.72,3.88,1.272,3.16,0.786,0.046,
anyone_but_him_post_808s_feature_run,Anyone But Him,Post-808s feature run,5,2009-07-01,2009,Feature,3,33,0.0648,0.0,0.2163,-0.4019,0.5267,0.273,0.121,0.606,0.1123,0.037,207,87,0.4203,21.06,3.6,1.164,0.59,0.86,0.014,
ayyy_girl_post_808s_feature_run,Ayyy Girl,Post-808s feature run,5,2009-07-01,2009,Feature,1,16,0.1552,0.1398,0.3272,-0.7763,0.5801,0.562,0.062,0.375,0.1609,0.0447,137,93,0.6788,58.18,3.84,1.19,1.79,0.854,0.036,
digital_girl_remix_post_808s_feature_run,Digital Girl (Remix),Post-808s feature run,5,2009-07-01,2009,Feature,2,26,0.0613,0.0,0.2343,-0.4023,0.4588,0.269,0.154,0.577,0.0893,0.0501,210,149,0.7095,160.75,3.96,1.295,2.84,0.748,0.033,
ego_remix_post_808s_feature_run,Ego (Remix),Post-808s feature run,5,2009-07-01,2009,Feature,1,24,0.1372,0.0,0.3748,-0.8402,0.7717,0.417,0.125,0.458,0.1373,0.0511,241,133,0.5519,42.74,3.62,1.286,3.5,0.801,0.062,
gifted_post_808s_feature_run,Gifted,Post-808s feature run,5,2009-07-01,2009,Feature,2,31,0.0112,0.0,0.316,-0.7351,0.5616,0.194,0.161,0.645,0.1039,0.0656,206,131,0.6359,64.95,3.92,1.243,1.67,0.801,0.024,
hate_post_808s_feature_run,Hate,Post-808s feature run,5,2009-07-01,2009,Feature,3,17,0.0377,0.0,0.4444,-0.7478,0.8483,0.353,0.235,0.412,0.1836,0.1625,102,77,0.7549,41.9,3.87,1.196,0.86,0.824,0.01,
maybach_music_2_post_808s_feature_run,Maybach Music 2,Post-808s feature run,5,2009-07-01,2009,Feature,2,18,0.0934,0.0,0.2618,-0.5859,0.6124,0.389,0.111,0.5,0.1243,0.0363,140,104,0.7429,152.44,4.07,1.257,2.28,0.786,0.036,
sailing_not_selling_post_808s_feature_run,Sailing NOT Selling,Post-808s feature run,5,2009-07-01,2009,Feature,1,22,-0.1182,-0.064,0.4471,-0.8402,0.7351,0.227,0.5,0.273,0.0893,0.1672,210,135,0.6429,82.15,3.8,1.295,3.42,0.781,0.057,
the_big_screen_post_808s_feature_run,The Big Screen,Post-808s feature run,5,2009-07-01,2009,Feature,7,65,0.0066,0.0,0.209,-0.4767,0.6369,0.123,0.123,0.754,0.0418,0.0474,310,126,0.4065,30.14,4.16,1.265,1.19,0.826,0.077,
whatever_u_want_post_808s_feature_run,Whatever U Want,Post-808s feature run,5,2009-07-01,2009,Feature,5,30,0.1081,0.0772,0.2026,-0.25,0.6369,0.533,0.1,0.367,0.2369,0.0331,205,105,0.5122,25.84,4.16,1.317,2.62,0.8,0.098,
run_this_town_post_808s_feature_run,Run This Town,Post-808s feature run,5,2009-07-24,2009,Feature,1,24,-0.0305,0.0,0.3111,-0.6705,0.7411,0.208,0.25,0.542,0.0618,0.0805,209,136,0.6507,107.77,3.91,1.215,2.15,0.833,0.019,
forever_post_808s_feature_run,Forever,Post-808s feature run,5,2009-09-15,2009,Feature,1,22,-0.096,0.0,0.3941,-0.8442,0.6808,0.318,0.364,0.318,0.0985,0.1448,204,137,0.6716,110.45,4.0,1.25,2.78,0.784,0.029,
make_her_say_post_808s_feature_run,Make Her Say,Post-808s feature run,5,2009-09-15,2009,Feature,2,25,0.1192,0.0,0.2704,-0.4576,0.6369,0.32,0.08,0.6,0.149,0.0264,158,87,0.5506,14.9,3.61,1.222,1.29,0.842,0.057,
alors_on_danse_remix_g_o_o_d_fridays_mbdtf,Alors on Danse (Remix),G.O.O.D. Fridays + MBDTF,6,2010-07-01,2010,Feature,5,38,0.0202,0.0,0.1752,-0.4215,0.7964,0.105,0.053,0.842,0.0355,0.0239,209,100,0.4785,30.94,4.11,1.34,2.36,0.799,0.057,
blame_game_g_o_o_d_fridays_mbdtf,Blame Game,G.O.O.D. Fridays + MBDTF,6,2010-07-01,2010,Solo,6,64,-0.0799,0.0,0.383,-0.7741,0.7906,0.219,0.328,0.453,0.0848,0.132,548,252,0.4599,39.39,3.96,1.265,2.67,0.818,0.062,
blazin_g_o_o_d_fridays_mbdtf,Blazin',G.O.O.D. Fridays + MBDTF,6,2010-07-01,2010,Feature,2,39,-0.0244,0.0,0.3428,-0.8442,0.7506,0.231,0.256,0.513,0.0951,0.0919,332,179,0.5392,30.92,3.99,1.25,2.48,0.774,0.018,
deuces_remix_g_o_o_d_fridays_mbdtf,Deuces (Remix),G.O.O.D. Fridays + MBDTF,6,2010-07-01,2010,Feature,1,17,-0.0853,0.0,0.4429,-0.7677,0.6124,0.235,0.412,0.353,0.0788,0.1341,167,104,0.6228,52.0,3.72,1.186,2.23,0.838,0.024,
devil_in_a_new_dress_g_o_o_d_fridays_mbdtf,Devil in a New Dress,G.O.O.D. Fridays + MBDTF,6,2010-07-01,2010,Solo,6,44,-0.0103,0.0,0.3288,-0.7783,0.765,0.227,0.25,0.523,0.069,0.0728,403,186,0.4615,96.97,3.95,1.27,2.97,0.804,0.055,
erase_me_g_o_o_d_fridays_mbdtf,Erase Me,G.O.O.D. Fridays + MBDTF,6,2010-07-01,2010,Feature,2,23,0.1639,0.0,0.2864,-0.3818,0.7579,0.391,0.043,0.565,0.1779,0.0373,207,118,0.57,66.54,3.62,1.251,2.68,0.821,0.053,
gorgeous_g_o_o_d_fridays_mbdtf,Gorgeous,G.O.O.D. Fridays + MBDTF,6,2010-07-01,2010,Solo,3,59,0.0307,0.0,0.319,-0.6776,0.7579,0.288,0.203,0.508,0.0977,0.0758,528,279,0.5284,116.78,4.04,1.288,3.1,0.777,0.053,
live_fast_die_young_g_o_o_d_fridays_mbdtf,"Live Fast, Die Young",G.O.O.D. Fridays + MBDTF,6,2010-07-01,2010,Feature,5,66,-0.1866,-0.1406,0.384,-0.8126,0.5994,0.152,0.515,0.333,0.0562,0.2255,452,147,0.3252,35.61,3.84,1.197,1.2,0.827,0.015,
lost_in_the_world_g_o_o_d_fridays_mbdtf,Lost in the World,G.O.O.D. Fridays + MBDTF,6,2010-07-01,2010,Solo,6,41,-0.0857,0.0,0.2804,-0.6597,0.6808,0.073,0.317,0.61,0.0484,0.0998,307,75,0.2443,10.64,3.73,1.121,0.55,0.912,0.02,
power_g_o_o_d_fridays_mbdtf,Power,G.O.O.D. Fridays + MBDTF,6,2010-07-01,2010,Solo,7,67,-0.1089,0.0,0.3083,-0.8641,0.7115,0.104,0.343,0.552,0.0587,0.1306,495,213,0.4303,49.23,4.36,1.38,3.57,0.739,0.079,
runaway_g_o_o_d_fridays_mbdtf,Runaway,G.O.O.D. Fridays + MBDTF,6,2010-07-01,2010,Solo,9,73,-0.1006,0.0,0.2594,-0.8405,0.4404,0.068,0.288,0.644,0.0269,0.0879,535,121,0.2262,25.74,3.56,1.185,1.25,0.858,0.037,
start_it_up_g_o_o_d_fridays_mbdtf,Start It Up,G.O.O.D. Fridays + MBDTF,6,2010-07-01,2010,Feature,3,50,0.0337,0.0,0.2903,-0.7269,0.7096,0.24,0.14,0.62,0.1053,0.0651,278,163,0.5863,32.72,3.91,1.309,2.03,0.748,0.058,
all_of_the_lights_g_o_o_d_fridays_mbdtf,All of the Lights,G.O.O.D. Fridays + MBDTF,6,2010-11-22,2010,,4,26,-0.0602,0.0,0.2471,-0.6486,0.3597,0.115,0.192,0.692,0.0304,0.0686,189,93,0.4921,27.63,4.3,1.275,2.29,0.81,0.058,
dark_fantasy_g_o_o_d_fridays_mbdtf,Dark Fantasy,G.O.O.D. Fridays + MBDTF,6,2010-11-22,2010,Solo,3,37,-0.0581,0.0,0.4434,-0.9081,0.7783,0.297,0.324,0.378,0.1223,0.1454,277,171,0.6173,76.31,3.94,1.278,2.41,0.769,0.043,
hell_of_a_life_g_o_o_d_fridays_mbdtf,Hell of a Life,G.O.O.D. Fridays + MBDTF,6,2010-11-22,2010,Solo,9,71,-0.1257,0.0,0.3577,-0.7906,0.7783,0.141,0.451,0.408,0.0579,0.1593,590,231,0.3915,22.34,3.88,1.21,1.93,0.849,0.041,
monster_g_o_o_d_fridays_mbdtf,Monster,G.O.O.D. Fridays + MBDTF,6,2010-11-22,2010,Solo,4,52,-0.0224,0.0,0.3718,-0.7096,0.7783,0.231,0.269,0.5,0.0955,0.1039,449,170,0.3786,52.14,4.12,1.367,3.91,0.731,0.049,
so_appalled_g_o_o_d_fridays_mbdtf,So Appalled,G.O.O.D. Fridays + MBDTF,6,2010-11-22,2010,Solo,3,38,-0.1959,-0.1366,0.4562,-0.8074,0.6808,0.237,0.5,0.263,0.0959,0.2784,261,142,0.5441,49.04,4.58,1.444,4.13,0.674,0.077,
who_will_survive_in_america_g_o_o_d_fridays_mbdtf,Who Will Survive in America,G.O.O.D. Fridays + MBDTF,6,2010-11-22,2010,Solo,1,1,0.5994,0.5994,0.0,0.5994,0.5994,1.0,0.0,0.0,0.087,0.0,47,41,0.8723,0.0,5.28,1.809,24.08,0.574,0.17,
e_t_remix_watch_the_throne,E.T. (Remix),Watch the Throne,7,2011-07-01,2011,Feature,2,17,-0.1151,0.0,0.2038,-0.5423,0.0,0.0,0.294,0.706,0.0231,0.0794,155,96,0.6194,30.02,3.59,1.271,2.96,0.787,0.052,
eyez_closed_watch_the_throne,Eyez Closed,Watch the Throne,7,2011-07-01,2011,Feature,1,21,-0.1239,-0.128,0.4574,-0.8402,0.7351,0.238,0.524,0.238,0.0935,0.1752,202,129,0.6386,81.69,3.92,1.272,3.17,0.797,0.05,
lift_off_watch_the_throne,Lift Off,Watch the Throne,7,2011-07-01,2011,Solo,2,18,-0.0028,0.0,0.1945,-0.5106,0.3612,0.167,0.111,0.722,0.0354,0.0286,115,44,0.3826,11.06,3.17,1.087,-0.27,0.913,0.0,
made_in_america_watch_the_throne,Made in America,Watch the Throne,7,2011-07-01,2011,Solo,1,16,-0.1386,0.0,0.2712,-0.5736,0.4939,0.062,0.438,0.5,0.0402,0.1149,146,105,0.7192,128.11,3.85,1.26,2.84,0.774,0.027,
marvin_chardonnay_watch_the_throne,Marvin & Chardonnay,Watch the Throne,7,2011-07-01,2011,Feature,9,76,0.0836,0.0,0.3031,-0.8074,0.8831,0.316,0.118,0.566,0.1199,0.0483,524,206,0.3931,29.83,3.6,1.162,0.81,0.866,0.023,
no_church_in_the_wild_watch_the_throne,No Church in the Wild,Watch the Throne,7,2011-07-01,2011,Solo,1,21,-0.0148,0.0,0.3627,-0.7506,0.6369,0.238,0.19,0.571,0.0701,0.0821,140,109,0.7786,177.03,4.26,1.364,3.11,0.729,0.079,
same_time_watch_the_throne,Same Time,Watch the Throne,7,2011-07-01,2011,Feature,1,17,0.0813,0.0,0.2717,-0.5859,0.4588,0.353,0.118,0.529,0.0904,0.0386,130,75,0.5769,59.75,3.61,1.192,1.46,0.838,0.023,
sing_a_song_watch_the_throne,Sing a Song,Watch the Throne,7,2011-07-01,2011,Feature,4,118,0.0621,0.0,0.3366,-0.8625,0.872,0.305,0.178,0.517,0.0895,0.0449,1196,499,0.4172,73.38,4.18,1.339,4.17,0.755,0.076,
the_joy_watch_the_throne,The Joy,Watch the Throne,7,2011-07-01,2011,Solo,2,33,-0.0535,0.0,0.2889,-0.8074,0.6167,0.182,0.303,0.515,0.0663,0.0851,282,180,0.6383,98.38,4.02,1.33,3.43,0.755,0.071,
touch_it_watch_the_throne,Touch It,Watch the Throne,7,2011-07-01,2011,Feature,4,15,0.2752,0.25,0.3148,0.0,0.8658,0.6,0.0,0.4,0.2137,0.0535,145,17,0.1172,6.86,3.75,1.207,2.42,0.89,0.097,
why_i_love_you_watch_the_throne,Why I Love You,Watch the Throne,7,2011-07-01,2011,Solo,3,43,-0.0469,0.0,0.345,-0.8481,0.6369,0.209,0.233,0.558,0.0947,0.1205,268,157,0.5858,67.57,3.87,1.243,1.5,0.784,0.026,
gotta_have_it_watch_the_throne,Gotta Have It,Watch the Throne,7,2011-08-08,2011,Collaboration,3,34,-0.0453,0.0,0.3059,-0.7269,0.5147,0.235,0.235,0.529,0.0528,0.0865,311,169,0.5434,25.01,3.92,1.215,2.32,0.826,0.029,
illest_motherfucker_alive_watch_the_throne,Illest Motherfucker Alive,Watch the Throne,7,2011-08-08,2011,Collaboration,5,43,-0.0206,0.0,0.3076,-0.6124,0.8316,0.209,0.279,0.512,0.0949,0.0967,358,164,0.4581,30.55,4.12,1.372,3.84,0.676,0.036,
murder_to_excellence_watch_the_throne,Murder to Excellence,Watch the Throne,7,2011-08-08,2011,Collaboration,6,44,-0.2502,-0.1024,0.4682,-0.886,0.7906,0.136,0.545,0.318,0.0672,0.2542,363,202,0.5565,51.86,4.16,1.309,3.07,0.752,0.05,
new_day_watch_the_throne,New Day,Watch the Throne,7,2011-08-08,2011,Collaboration,2,27,0.1348,0.0,0.2823,-0.6621,0.6369,0.407,0.074,0.519,0.1743,0.0314,212,110,0.5189,47.16,3.74,1.212,1.78,0.825,0.024,
niggas_in_paris_watch_the_throne,Niggas in Paris,Watch the Throne,7,2011-08-08,2011,Solo,7,46,-0.1162,0.0,0.3615,-0.8957,0.631,0.13,0.348,0.522,0.0549,0.1568,334,140,0.4192,34.01,3.83,1.177,1.13,0.859,0.021,
otis_watch_the_throne,Otis,Watch the Throne,7,2011-08-08,2011,Collaboration,3,24,-0.0756,0.0,0.3319,-0.8074,0.5994,0.167,0.292,0.542,0.0699,0.1277,214,139,0.6495,99.61,4.09,1.285,3.05,0.762,0.033,
primetime_watch_the_throne,Primetime,Watch the Throne,7,2011-08-08,2011,Collaboration,4,45,-0.078,0.0,0.3862,-0.8316,0.7351,0.222,0.333,0.444,0.0797,0.1064,392,192,0.4898,52.17,3.89,1.202,1.99,0.827,0.033,
that_s_my_bitch_watch_the_throne,That's My Bitch,Watch the Throne,7,2011-08-08,2011,Collaboration,4,34,-0.0356,0.0,0.3717,-0.5859,0.891,0.235,0.324,0.441,0.1042,0.1312,273,151,0.5531,55.4,3.82,1.158,1.2,0.857,0.015,
who_gon_stop_me_watch_the_throne,Who Gon Stop Me,Watch the Throne,7,2011-08-08,2011,Collaboration,6,62,-0.0632,0.0,0.366,-0.7506,0.8126,0.274,0.403,0.323,0.1148,0.152,498,209,0.4197,39.16,3.93,1.205,1.76,0.827,0.026,
theraflu_cruel_summer_yeezus_build_up,Theraflu/Way Too Cold,Cruel Summer + Yeezus build-up,8,2012-04-04,2012,Solo,7,52,-0.078,0.0,0.3803,-0.7515,0.7184,0.192,0.327,0.481,0.0719,0.1099,444,189,0.4257,28.76,3.95,1.295,3.02,0.775,0.059,
amen_cruel_summer_yeezus_build_up,Amen,Cruel Summer + Yeezus build-up,8,2012-07-01,2012,Feature,2,25,0.0292,0.0,0.2577,-0.4767,0.6369,0.2,0.16,0.64,0.0855,0.0614,180,125,0.6944,143.16,3.71,1.228,1.71,0.806,0.017,
awesome_cruel_summer_yeezus_build_up,Awesome,Cruel Summer + Yeezus build-up,8,2012-07-01,2012,Solo,8,67,0.1253,0.0,0.3251,-0.5719,0.8845,0.313,0.104,0.582,0.2006,0.0463,317,114,0.3596,24.66,4.3,1.366,2.37,0.729,0.079,
i_wish_you_would_cruel_summer_yeezus_build_up,I Wish You Would,Cruel Summer + Yeezus build-up,8,2012-07-01,2012,Feature,8,54,0.0459,0.0,0.4617,-0.9231,0.6597,0.352,0.278,0.37,0.1475,0.1133,452,176,0.3894,28.21,3.67,1.17,1.48,0.838,0.009,
the_one_cruel_summer_yeezus_build_up,The One,Cruel Summer + Yeezus build-up,8,2012-07-01,2012,Feature,1,16,0.1266,0.0,0.2841,-0.4939,0.6696,0.438,0.125,0.438,0.1062,0.0289,150,88,0.5867,40.71,3.86,1.307,3.48,0.767,0.06,
to_the_world_cruel_summer_yeezus_build_up,To the World,Cruel Summer + Yeezus build-up,8,2012-07-01,2012,Feature,4,18,0.0525,0.0,0.3531,-0.6808,0.7269,0.333,0.167,0.5,0.1254,0.0671,144,93,0.6458,60.12,3.76,1.229,2.03,0.799,0.028,
birthday_song_cruel_summer_yeezus_build_up,Birthday Song,Cruel Summer + Yeezus build-up,8,2012-08-14,2012,Feature,3,34,-0.0639,0.0,0.3881,-0.8074,0.8126,0.176,0.294,0.529,0.0617,0.1048,306,152,0.4967,41.29,3.8,1.183,1.88,0.837,0.02,
bliss_cruel_summer_yeezus_build_up,Bliss,Cruel Summer + Yeezus build-up,8,2012-09-18,2012,Solo,3,9,-0.8566,-0.8885,0.2137,-0.9682,-0.296,0.0,1.0,0.0,0.0,0.7043,87,18,0.2069,3.95,3.75,1.092,1.07,0.954,0.023,
clique_cruel_summer_yeezus_build_up,Clique,Cruel Summer + Yeezus build-up,8,2012-09-18,2012,,2,33,-0.032,0.0,0.2858,-0.6705,0.5574,0.182,0.212,0.606,0.0517,0.0689,285,197,0.6912,202.4,4.11,1.326,3.43,0.744,0.056,
cold_cruel_summer_yeezus_build_up,Cold,Cruel Summer + Yeezus build-up,8,2012-09-18,2012,Solo,7,52,-0.078,0.0,0.3803,-0.7515,0.7184,0.192,0.327,0.481,0.0719,0.1099,444,189,0.4257,28.76,3.95,1.295,3.02,0.775,0.059,
creepers_cruel_summer_yeezus_build_up,Creepers,Cruel Summer + Yeezus build-up,8,2012-09-18,2012,Solo,5,46,0.0019,0.0,0.2829,-0.8957,0.6369,0.174,0.152,0.674,0.0452,0.051,422,144,0.3412,48.42,3.82,1.194,2.08,0.836,0.012,
i_don_t_like_remix_cruel_summer_yeezus_build_up,I Don't Like (Remix),Cruel Summer + Yeezus build-up,8,2012-09-18,2012,,1,32,0.0116,0.0,0.2424,-0.5994,0.5106,0.188,0.125,0.688,0.0521,0.0373,183,111,0.6066,58.66,3.87,1.164,0.37,0.852,0.011,
mercy_cruel_summer_yeezus_build_up,Mercy,Cruel Summer + Yeezus build-up,8,2012-09-18,2012,,2,34,-0.137,0.0,0.3006,-0.7783,0.6369,0.088,0.353,0.559,0.0508,0.1252,262,162,0.6183,67.58,3.9,1.237,2.01,0.832,0.046,
sin_city_cruel_summer_yeezus_build_up,Sin City,Cruel Summer + Yeezus build-up,8,2012-09-18,2012,Solo,6,59,-0.0459,0.0,0.257,-0.5688,0.3612,0.136,0.169,0.695,0.066,0.0788,361,97,0.2687,10.83,3.38,1.114,-0.06,0.898,0.006,
the_morning_cruel_summer_yeezus_build_up,The Morning,Cruel Summer + Yeezus build-up,8,2012-09-18,2012,Solo,1,1,0.0,0.0,0.0,0.0,0.0,0.0,0.0,1.0,0.0,0.0,4,4,1.0,0.0,7.5,2.5,15.47,0.25,0.25,
way_too_cold_cruel_summer_yeezus_build_up,Way Too Cold,Cruel Summer + Yeezus build-up,8,2012-09-18,2012,,9,55,-0.0737,0.0,0.37,-0.7515,0.7184,0.182,0.309,0.509,0.068,0.1039,444,189,0.4257,28.76,3.95,1.295,2.84,0.775,0.059,
white_dress_cruel_summer_yeezus_build_up,White Dress,Cruel Summer + Yeezus build-up,8,2012-09-18,2012,,5,78,0.0425,0.0,0.2994,-0.6369,0.6956,0.282,0.205,0.513,0.0853,0.0646,671,318,0.4739,65.67,3.92,1.212,2.06,0.829,0.037,
facts_yeezus,')] Facts,Yeezus,9,2013-06-18,2013,,7,57,0.0429,0.0,0.276,-0.6808,0.7742,0.211,0.14,0.649,0.0697,0.0453,464,220,0.4741,39.64,4.11,1.364,3.68,0.683,0.041,
after_you_yeezus,After You,Yeezus,9,2013-06-18,2013,,20,85,0.1077,0.0,0.374,-0.8481,0.8271,0.365,0.141,0.494,0.1506,0.0601,622,201,0.3232,23.96,3.81,1.225,1.72,0.802,0.026,
black_skinhead_yeezus,Black Skinhead,Yeezus,9,2013-06-18,2013,,8,85,-0.1211,0.0,0.3306,-0.7964,0.7506,0.118,0.329,0.553,0.0714,0.1366,454,157,0.3458,35.23,4.04,1.262,1.39,0.78,0.035,
blood_on_the_leaves_yeezus,Blood on the Leaves,Yeezus,9,2013-06-18,2013,Solo,8,76,-0.0567,0.0,0.3068,-0.8074,0.6369,0.184,0.224,0.592,0.0635,0.107,516,205,0.3973,22.85,4.02,1.26,1.92,0.8,0.045,
fml_yeezus,FML,Yeezus,9,2013-06-18,2013,,3,57,0.0815,0.0,0.2702,-0.6808,0.7096,0.281,0.088,0.632,0.1182,0.0462,322,141,0.4379,33.27,3.86,1.236,1.2,0.798,0.031,
on_sight_yeezus,On Sight,Yeezus,9,2013-06-18,2013,Solo,7,42,-0.0667,0.0,0.2772,-0.7906,0.431,0.143,0.214,0.643,0.0413,0.0825,242,129,0.5331,30.87,3.8,1.198,0.8,0.847,0.033,
piss_on_your_grave_yeezus,Piss On Your Grave,Yeezus,9,2013-06-18,2013,,4,25,-0.3495,-0.3412,0.4788,-0.9313,0.6808,0.12,0.64,0.24,0.078,0.3171,213,75,0.3521,12.37,3.85,1.117,0.92,0.925,0.023,
bound_2_yeezus,Bound 2,Yeezus,9,2013-07-01,2013,Solo,5,55,-0.0621,0.0,0.3877,-0.8316,0.7227,0.182,0.291,0.527,0.0923,0.119,366,184,0.5027,57.54,4.04,1.26,1.87,0.811,0.06,
can_t_stop_yeezus,Can't Stop,Yeezus,9,2013-07-01,2013,Feature,1,16,-0.015,0.0,0.3365,-0.7579,0.6597,0.188,0.125,0.688,0.0452,0.0611,149,108,0.7248,141.0,4.43,1.349,3.96,0.732,0.074,
drunk_in_love_remix_yeezus,Drunk in Love (Remix),Yeezus,9,2013-07-01,2013,Feature,1,27,0.0558,0.0,0.3037,-0.4939,0.743,0.222,0.185,0.593,0.1076,0.0729,254,138,0.5433,66.63,3.81,1.232,2.62,0.811,0.028,
guilt_trip_yeezus,Guilt Trip,Yeezus,9,2013-07-01,2013,Solo,3,27,0.0391,0.0,0.2545,-0.5106,0.6486,0.185,0.111,0.704,0.078,0.0511,197,119,0.6041,24.41,4.14,1.299,2.59,0.731,0.03,
hold_my_liquor_yeezus,Hold My Liquor,Yeezus,9,2013-07-01,2013,Solo,4,51,-0.0489,0.0,0.2718,-0.7184,0.6369,0.118,0.176,0.706,0.0381,0.0747,283,119,0.4205,30.13,3.81,1.254,1.38,0.774,0.028,
i_am_a_god_yeezus,I Am a God,Yeezus,9,2013-07-01,2013,Solo,9,51,-0.0106,0.0,0.3227,-0.6705,0.6486,0.353,0.275,0.373,0.1386,0.0898,281,142,0.5053,31.61,3.58,1.231,1.09,0.794,0.018,
i_won_yeezus,I Won,Yeezus,9,2013-07-01,2013,Feature,1,15,0.0625,0.0,0.3318,-0.7906,0.7506,0.267,0.067,0.667,0.0811,0.0245,135,92,0.6815,85.06,3.83,1.237,2.52,0.793,0.03,
i_m_in_it_yeezus,I'm In It,Yeezus,9,2013-07-01,2013,Solo,6,66,0.0171,0.0,0.2626,-0.7414,0.7845,0.197,0.136,0.667,0.0626,0.0578,462,226,0.4892,61.18,3.69,1.147,0.68,0.874,0.022,
jukebox_joints_yeezus,Jukebox Joints,Yeezus,9,2013-07-01,2013,Feature,1,19,0.2505,0.3612,0.4131,-0.7184,0.8271,0.526,0.105,0.368,0.2242,0.0523,143,82,0.5734,33.96,4.13,1.385,3.68,0.734,0.091,
m_p_a_yeezus,M.P.A.,Yeezus,9,2013-07-01,2013,Feature,4,16,-0.17,-0.17,0.1756,-0.34,0.0,0.0,0.5,0.5,0.0,0.1748,68,9,0.1324,12.26,4.59,1.765,6.89,0.353,0.118,
mula_yeezus,Mula,Yeezus,9,2013-07-01,2013,Feature,3,38,0.0204,0.0,0.2964,-0.5574,0.631,0.237,0.263,0.5,0.1037,0.1055,267,134,0.5019,67.02,3.71,1.236,1.73,0.787,0.019,
new_slaves_yeezus,New Slaves,Yeezus,9,2013-07-01,2013,Solo,14,72,-0.0922,0.0,0.3388,-0.802,0.6369,0.194,0.319,0.486,0.0905,0.1276,535,228,0.4262,22.45,3.91,1.232,1.84,0.813,0.032,
one_man_can_change_the_world_yeezus,One Man Can Change the World,Yeezus,9,2013-07-01,2013,Feature,1,9,0.3713,0.4404,0.3136,0.0,0.8519,0.667,0.0,0.333,0.2353,0.0,87,46,0.5287,19.87,4.2,1.253,2.96,0.816,0.046,
sanctified_yeezus,Sanctified,Yeezus,9,2013-07-01,2013,Feature,4,24,-0.2123,-0.089,0.3024,-0.8074,0.296,0.083,0.5,0.417,0.0514,0.167,193,109,0.5648,68.44,4.25,1.394,3.99,0.694,0.067,
send_it_up_yeezus,Send It Up,Yeezus,9,2013-07-01,2013,Solo,3,23,0.0372,0.0,0.4635,-0.6705,0.7351,0.391,0.304,0.304,0.2451,0.109,171,76,0.4444,27.28,3.52,1.117,0.49,0.901,0.018,
thank_you_yeezus,Thank You,Yeezus,9,2013-07-01,2013,Feature,1,11,0.2485,0.0,0.3175,0.0,0.7783,0.455,0.0,0.545,0.2694,0.0,60,31,0.5167,40.03,3.62,1.2,0.7,0.85,0.05,
u_mad_yeezus,U Mad,Yeezus,9,2013-07-01,2013,Feature,5,50,-0.0677,0.0,0.3453,-0.6502,0.6124,0.4,0.36,0.24,0.1135,0.215,340,113,0.3324,13.1,3.64,1.215,1.4,0.862,0.071,
sanctified_the_life_of_pablo,Sanctified,The Life of Pablo,10,2014-03-04,2014,Feature,2,22,-0.2316,-0.1779,0.309,-0.8074,0.296,0.091,0.545,0.364,0.0561,0.1811,193,109,0.5648,68.44,4.25,1.394,4.28,0.694,0.067,
only_one_the_life_of_pablo,Only One,The Life of Pablo,10,2014-12-31,2014,Solo,7,48,0.0404,0.0,0.2568,-0.7351,0.6369,0.188,0.083,0.729,0.0692,0.0417,393,145,0.369,25.73,3.65,1.201,1.78,0.824,0.025,
fourfiveseconds_the_life_of_pablo,FourFiveSeconds,The Life of Pablo,10,2015-01-24,2015,Solo,5,25,0.132,0.0,0.224,-0.4215,0.5574,0.48,0.04,0.48,0.1482,0.0422,177,87,0.4915,73.6,3.87,1.232,1.7,0.819,0.034,
all_day_the_life_of_pablo,All Day,The Life of Pablo,10,2015-03-01,2015,Solo,7,76,0.0142,0.0,0.2984,-0.8074,0.6808,0.25,0.158,0.592,0.1017,0.0901,603,225,0.3731,30.45,3.89,1.221,1.91,0.801,0.015,
30_hours_the_life_of_pablo,30 Hours,The Life of Pablo,10,2016-02-14,2016,Solo,5,100,0.0123,0.0,0.3045,-0.7351,0.8885,0.23,0.18,0.59,0.0747,0.0645,691,275,0.398,41.79,4.01,1.269,2.08,0.793,0.052,
facts_charlie_heat_version_the_life_of_pablo,Facts (Charlie Heat Version),The Life of Pablo,10,2016-02-14,2016,Solo,7,58,0.0365,0.0,0.3249,-0.8316,0.7742,0.259,0.172,0.569,0.0923,0.0686,557,272,0.4883,62.83,4.2,1.391,4.57,0.688,0.056,
feedback_the_life_of_pablo,Feedback,The Life of Pablo,10,2016-02-14,2016,Solo,10,53,0.0677,0.0,0.3281,-0.6705,0.802,0.302,0.17,0.528,0.0992,0.0539,442,197,0.4457,45.15,3.97,1.287,2.85,0.783,0.041,
i_love_kanye_the_life_of_pablo,I Love Kanye,The Life of Pablo,10,2016-02-14,2016,Solo,2,15,0.1775,0.0,0.4946,-0.802,0.9201,0.467,0.2,0.333,0.1572,0.0789,186,101,0.543,29.78,4.05,1.274,4.28,0.817,0.048,
low_lights_the_life_of_pablo,Low Lights,The Life of Pablo,10,2016-02-14,2016,Solo,3,38,0.1665,0.0,0.2961,-0.4767,0.8555,0.395,0.105,0.5,0.1525,0.0399,308,137,0.4448,48.91,3.9,1.269,2.55,0.818,0.049,
no_more_parties_in_la_the_life_of_pablo,No More Parties in LA,The Life of Pablo,10,2016-02-14,2016,Solo,5,128,-0.0518,0.0,0.3914,-0.8834,0.8074,0.258,0.352,0.391,0.1085,0.1445,1128,499,0.4424,71.88,4.09,1.319,3.41,0.751,0.058,
all_we_got_the_life_of_pablo,All We Got,The Life of Pablo,10,2016-05-13,2016,Feature,4,44,0.0612,0.0,0.1722,-0.3818,0.6369,0.182,0.023,0.795,0.0579,0.0078,259,79,0.305,9.61,3.26,1.127,0.01,0.892,0.015,
castro_the_life_of_pablo,Castro,The Life of Pablo,10,2016-07-01,2016,Feature,6,95,-0.0817,0.0,0.2877,-0.5859,0.4939,0.158,0.274,0.568,0.0849,0.1244,425,116,0.2729,35.19,4.13,1.285,1.31,0.755,0.038,
fade_the_life_of_pablo,Fade,The Life of Pablo,10,2016-07-01,2016,Feature,1,15,-0.0029,0.0,0.4055,-0.7906,0.6369,0.2,0.2,0.6,0.103,0.1024,77,40,0.5195,12.83,3.19,1.143,-0.1,0.857,0.0,
famous_the_life_of_pablo,Famous,The Life of Pablo,10,2016-07-01,2016,Feature,3,40,0.1141,0.0,0.413,-0.5859,0.7453,0.45,0.25,0.3,0.2744,0.1423,223,127,0.5695,67.37,3.73,1.184,0.55,0.834,0.018,
father_stretch_my_hands_pt_1_the_life_of_pablo,Father Stretch My Hands Pt. 1,The Life of Pablo,10,2016-07-01,2016,Feature,3,30,0.0373,0.0,0.2374,-0.5423,0.3612,0.333,0.1,0.567,0.0862,0.0542,225,87,0.3867,24.79,3.53,1.271,2.33,0.809,0.044,
freestyle_4_the_life_of_pablo,Freestyle 4,The Life of Pablo,10,2016-07-01,2016,Feature,3,36,-0.1601,-0.0258,0.3769,-0.8074,0.5719,0.167,0.5,0.333,0.0766,0.2333,211,104,0.4929,21.96,3.94,1.223,1.12,0.853,0.033,
highlights_the_life_of_pablo,Highlights,The Life of Pablo,10,2016-07-01,2016,Feature,6,65,-0.0338,0.0,0.3415,-0.8074,0.9136,0.246,0.231,0.523,0.1395,0.0814,465,191,0.4108,42.62,3.94,1.286,2.38,0.757,0.037,
pt_2_the_life_of_pablo,Pt. 2,The Life of Pablo,10,2016-07-01,2016,Feature,12,52,-0.0237,0.0,0.2975,-0.7845,0.6908,0.135,0.192,0.673,0.0741,0.0805,239,109,0.4561,19.15,4.01,1.276,1.26,0.766,0.033,
pussy_print_the_life_of_pablo,Pussy Print,The Life of Pablo,10,2016-07-01,2016,Feature,1,14,0.0786,0.0,0.2745,-0.5267,0.5994,0.357,0.143,0.5,0.1579,0.0412,130,87,0.6692,56.85,3.71,1.238,2.65,0.792,0.031,
real_friends_the_life_of_pablo,Real Friends,The Life of Pablo,10,2016-07-01,2016,Feature,5,72,0.0818,0.0,0.3647,-0.743,0.872,0.361,0.194,0.444,0.1719,0.0729,529,223,0.4216,37.1,3.94,1.231,1.8,0.811,0.036,
saint_pablo_the_life_of_pablo,Saint Pablo,The Life of Pablo,10,2016-07-01,2016,Feature,3,73,0.0624,0.0,0.319,-0.8555,0.7351,0.274,0.137,0.589,0.1061,0.052,635,317,0.4992,101.66,4.07,1.299,3.13,0.783,0.068,
that_part_the_life_of_pablo,THat Part,The Life of Pablo,10,2016-07-01,2016,Feature,3,50,0.0647,0.0,0.3438,-0.8316,0.8126,0.38,0.16,0.46,0.1477,0.0641,316,141,0.4462,21.82,4.18,1.31,2.33,0.747,0.044,
tiimmy_turner_remix_the_life_of_pablo,Tiimmy Turner (Remix),The Life of Pablo,10,2016-07-01,2016,Feature,1,26,-0.1305,0.0,0.3157,-0.6705,0.6369,0.115,0.423,0.462,0.0459,0.1627,155,87,0.5613,46.7,4.1,1.258,1.58,0.794,0.039,
ultralight_beam_the_life_of_pablo,Ultralight Beam,The Life of Pablo,10,2016-07-01,2016,Feature,4,24,0.3095,0.4767,0.2749,0.0,0.7351,0.583,0.0,0.417,0.3102,0.0,137,38,0.2774,10.7,3.78,1.328,2.31,0.854,0.124,
waves_the_life_of_pablo,Waves,The Life of Pablo,10,2016-07-01,2016,Feature,10,21,-0.0501,0.0,0.2692,-0.4588,0.5667,0.143,0.286,0.571,0.105,0.1159,101,54,0.5347,33.14,3.6,1.139,-0.28,0.881,0.01,
wolves_the_life_of_pablo,Wolves,The Life of Pablo,10,2016-07-01,2016,Feature,5,56,-0.0183,0.0,0.257,-0.7003,0.8555,0.143,0.214,0.643,0.0815,0.0864,362,120,0.3315,17.72,4.04,1.249,1.66,0.801,0.041,
ye_vs_the_people_the_life_of_pablo,Ye vs. the People,The Life of Pablo,10,2018-04-27,2018,Solo,37,37,0.0415,0.0,0.4591,-0.8767,0.8957,0.432,0.297,0.27,0.1478,0.1166,369,207,0.561,119.58,4.13,1.314,3.81,0.775,0.065,
dat_side_quiet_year,Dat Side,Quiet year,11,2017-07-01,2017,Feature,1,16,-0.1288,0.0,0.3551,-0.7579,0.3839,0.188,0.375,0.438,0.0463,0.1086,192,96,0.5,49.22,3.89,1.219,3.47,0.807,0.026,CyHi primary; Kanye featured. Originally categorized as ghost/non-feature in Phase 4b audit; line content review confirmed Kanye verse contribution. Re-flagged as Tier 3 feature.
feel_me_quiet_year,Feel Me,Quiet year,11,2017-07-01,2017,Feature,6,60,0.0252,0.0,0.3777,-0.8126,0.8807,0.283,0.217,0.5,0.123,0.0901,381,136,0.357,16.74,4.08,1.291,2.12,0.732,0.021,Tyga primary; Kanye featured. Originally categorized as ghost/non-feature in Phase 4b audit; line content review confirmed Kanye verse contribution. Re-flagged as Tier 3 feature.
glow_quiet_year,Glow,Quiet year,11,2017-07-01,2017,Feature,8,34,0.0426,0.0,0.3387,-0.7717,0.8271,0.265,0.206,0.529,0.1259,0.0721,249,132,0.5301,39.79,3.56,1.161,0.96,0.88,0.036,Drake primary; Kanye featured. Originally categorized as ghost/non-feature in Phase 4b audit; line content review confirmed Kanye verse contribution. Re-flagged as Tier 3 feature.
love_yourself_quiet_year,Love Yourself,Quiet year,11,2017-07-01,2017,Feature,2,14,0.1183,0.0,0.3242,-0.34,0.7506,0.357,0.143,0.5,0.1268,0.0399,145,93,0.6414,50.03,4.18,1.303,3.83,0.786,0.09,Mary J. Blige primary; Kanye featured. Originally categorized as ghost/non-feature in Phase 4b audit; line content review confirmed Kanye verse contribution. Re-flagged as Tier 3 feature.
brothers_wyoming_sessions_ye_ksg,Brothers,Wyoming Sessions (ye / KSG),12,2018-06-01,2018,,5,81,0.0494,0.0,0.2517,-0.6705,0.7964,0.173,0.111,0.716,0.071,0.0333,465,192,0.4129,29.06,4.07,1.32,2.23,0.77,0.082,
everything_wyoming_sessions_ye_ksg,Everything,Wyoming Sessions (ye / KSG),12,2018-06-01,2018,,5,27,0.1601,0.0,0.3209,-0.4767,0.8316,0.333,0.037,0.63,0.206,0.0214,149,57,0.3826,16.2,3.72,1.114,-0.29,0.919,0.027,
i_thought_about_killing_you_wyoming_sessions_ye_ksg,I Thought About Killing You,Wyoming Sessions (ye / KSG),12,2018-06-01,2018,Solo,2,35,-0.1245,0.0,0.3984,-0.8374,0.673,0.2,0.371,0.429,0.0678,0.1409,345,170,0.4928,22.28,3.38,1.125,1.53,0.878,0.003,
lift_yourself_wyoming_sessions_ye_ksg,Lift Yourself,Wyoming Sessions (ye / KSG),12,2018-06-01,2018,,6,18,-0.0051,0.0,0.1947,-0.5574,0.5688,0.056,0.111,0.833,0.0191,0.0479,87,46,0.5287,12.19,4.31,1.207,0.54,0.816,0.023,
no_mistakes_wyoming_sessions_ye_ksg,No Mistakes,Wyoming Sessions (ye / KSG),12,2018-06-01,2018,Solo,1,16,-0.0028,0.0,0.4319,-0.6705,0.5859,0.438,0.375,0.188,0.1239,0.1199,164,104,0.6341,55.74,3.55,1.091,1.29,0.921,0.012,
the_storm_xxx_wyoming_sessions_ye_ksg,The Storm/XXX,Wyoming Sessions (ye / KSG),12,2018-06-01,2018,,1,7,0.0706,0.0,0.1867,0.0,0.4939,0.143,0.0,0.857,0.0634,0.0,33,21,0.6364,0.0,4.67,1.333,1.98,0.758,0.091,
violent_crimes_wyoming_sessions_ye_ksg,Violent Crimes,Wyoming Sessions (ye / KSG),12,2018-06-01,2018,Solo,1,38,-0.1244,0.0,0.4343,-0.9186,0.6597,0.316,0.447,0.237,0.1103,0.1897,311,164,0.5273,57.57,4.11,1.286,2.78,0.746,0.032,
we_got_love_wyoming_sessions_ye_ksg,We Got Love,Wyoming Sessions (ye / KSG),12,2018-06-01,2018,,2,20,0.3072,0.34,0.2991,-0.2732,0.6696,0.65,0.05,0.3,0.3033,0.018,98,44,0.449,27.65,4.05,1.255,1.13,0.796,0.041,
xtcy_wyoming_sessions_ye_ksg,XTCY,Wyoming Sessions (ye / KSG),12,2018-06-01,2018,,9,56,0.0311,0.0,0.5038,-0.8807,0.9136,0.357,0.268,0.375,0.2234,0.1261,373,122,0.3271,19.44,3.84,1.228,1.5,0.858,0.086,
yikes_wyoming_sessions_ye_ksg,Yikes,Wyoming Sessions (ye / KSG),12,2018-06-01,2018,Solo,9,63,-0.1643,0.0,0.3115,-0.8268,0.8074,0.079,0.444,0.476,0.0483,0.166,485,232,0.4784,59.83,4.31,1.386,3.76,0.759,0.089,
4th_dimension_wyoming_sessions_ye_ksg,4th Dimension,Wyoming Sessions (ye / KSG),12,2018-06-08,2018,Collaboration,1,12,-0.0392,0.0,0.4044,-0.6597,0.5777,0.333,0.417,0.25,0.0936,0.1332,106,72,0.6792,52.45,3.73,1.208,2.1,0.868,0.057,
cudi_montage_wyoming_sessions_ye_ksg,Cudi Montage,Wyoming Sessions (ye / KSG),12,2018-06-08,2018,Collaboration,3,63,0.2547,0.0258,0.3627,-0.5423,0.7506,0.492,0.079,0.429,0.2953,0.03,354,103,0.291,18.89,3.86,1.127,-0.1,0.929,0.031,
fire_wyoming_sessions_ye_ksg,Fire,Wyoming Sessions (ye / KSG),12,2018-06-08,2018,Collaboration,2,8,0.0217,0.0,0.2446,-0.3412,0.4215,0.25,0.25,0.5,0.0852,0.0915,85,56,0.6588,35.94,3.8,1.212,2.85,0.8,0.012,
reborn_wyoming_sessions_ye_ksg,Reborn,Wyoming Sessions (ye / KSG),12,2018-06-08,2018,Collaboration,1,12,-0.1134,-0.1012,0.2586,-0.4019,0.3612,0.167,0.5,0.333,0.0951,0.1407,103,64,0.6214,39.24,3.66,1.223,2.19,0.835,0.058,
feel_the_love_wyoming_sessions_ye_ksg,Feel the Love,Wyoming Sessions (ye / KSG),12,2018-07-01,2018,Feature,6,49,0.2618,0.0,0.3022,-0.1531,0.7003,0.469,0.02,0.51,0.239,0.017,312,99,0.3173,8.11,3.36,1.115,0.05,0.894,0.01,
freeee_ghost_town_pt_2_wyoming_sessions_ye_ksg,Freeee (Ghost Town Pt. 2),Wyoming Sessions (ye / KSG),12,2018-07-01,2018,Feature,3,18,0.0957,0.0,0.3878,-0.5719,0.6705,0.389,0.222,0.389,0.2236,0.1001,86,57,0.6628,53.99,3.72,1.174,0.13,0.872,0.047,
ghost_town_wyoming_sessions_ye_ksg,Ghost Town,Wyoming Sessions (ye / KSG),12,2018-07-01,2018,Feature,1,16,0.0253,0.0,0.1468,-0.296,0.3612,0.125,0.062,0.812,0.0343,0.0222,98,71,0.7245,76.39,3.78,1.153,0.4,0.898,0.041,
kanga_wyoming_sessions_ye_ksg,KANGA,Wyoming Sessions (ye / KSG),12,2018-07-01,2018,Feature,2,21,-0.1117,0.0,0.3161,-0.7964,0.4404,0.19,0.333,0.476,0.059,0.1354,139,90,0.6475,61.67,4.04,1.281,2.1,0.77,0.043,
kids_see_ghosts_wyoming_sessions_ye_ksg,Kids See Ghosts,Wyoming Sessions (ye / KSG),12,2018-07-01,2018,Feature,1,24,0.0439,0.0,0.396,-0.7506,0.8201,0.292,0.25,0.458,0.099,0.0768,232,147,0.6336,73.35,4.13,1.336,3.95,0.741,0.06,
law_of_attraction_wyoming_sessions_ye_ksg,Law of Attraction,Wyoming Sessions (ye / KSG),12,2018-07-01,2018,Feature,6,22,0.0,0.0,0.0,0.0,0.0,0.0,0.0,1.0,0.0,0.0,154,1,0.0065,2.0,2.0,1.0,-1.06,1.0,0.0,
new_body_wyoming_sessions_ye_ksg,New Body,Wyoming Sessions (ye / KSG),12,2018-07-01,2018,Solo,1,19,0.045,0.0,0.3831,-0.6597,0.8625,0.316,0.211,0.474,0.108,0.0592,162,112,0.6914,69.79,3.96,1.265,2.67,0.796,0.049,
one_minute_wyoming_sessions_ye_ksg,One Minute,Wyoming Sessions (ye / KSG),12,2018-07-01,2018,Feature,1,36,-0.1622,0.0,0.3573,-0.8689,0.4585,0.139,0.333,0.528,0.0421,0.1422,335,187,0.5582,89.31,3.95,1.236,2.62,0.8,0.036,
watch_wyoming_sessions_ye_ksg,Watch,Wyoming Sessions (ye / KSG),12,2018-07-01,2018,Feature,1,18,-0.1079,0.0,0.3584,-0.802,0.5994,0.222,0.333,0.444,0.0716,0.1494,159,114,0.717,77.76,4.24,1.296,3.14,0.78,0.057,
wouldn_t_leave_wyoming_sessions_ye_ksg,Wouldn't Leave,Wyoming Sessions (ye / KSG),12,2018-07-01,2018,Feature,8,52,0.0004,0.0,0.276,-0.7003,0.5423,0.288,0.231,0.481,0.1126,0.0902,388,181,0.4665,44.23,4.01,1.253,2.1,0.825,0.064,
i_love_it_wyoming_sessions_ye_ksg,I Love It,Wyoming Sessions (ye / KSG),12,2018-09-06,2018,Solo,3,18,-0.2981,-0.4586,0.6098,-0.9628,0.8899,0.278,0.556,0.167,0.1426,0.3055,179,68,0.3799,18.0,3.58,1.117,1.47,0.899,0.011,
everything_we_need_jesus_is_king,Everything We Need,Jesus Is King,13,2019-07-01,2019,Feature,2,14,0.0018,0.0,0.1938,-0.4939,0.4939,0.071,0.071,0.857,0.0407,0.0279,79,55,0.6962,27.21,4.09,1.253,1.4,0.81,0.063,
hands_on_jesus_is_king,Hands On,Jesus Is King,13,2019-07-01,2019,Feature,5,72,0.0637,0.0,0.3354,-0.7096,0.7717,0.292,0.153,0.556,0.1304,0.0559,487,177,0.3634,26.16,3.9,1.201,1.22,0.838,0.033,
use_this_gospel_jesus_is_king,Use This Gospel,Jesus Is King,13,2019-07-01,2019,Feature,4,22,0.166,0.0,0.2269,0.0,0.5423,0.364,0.0,0.636,0.1347,0.0146,121,33,0.2727,7.53,3.49,1.231,1.09,0.802,0.033,
water_jesus_is_king,Water,Jesus Is King,13,2019-07-01,2019,Feature,3,42,0.2129,0.2732,0.2084,0.0,0.6124,0.548,0.0,0.452,0.329,0.0,115,42,0.3652,12.18,4.31,1.296,0.77,0.704,0.0,
closed_on_sunday_jesus_is_king,Closed on Sunday,Jesus Is King,13,2019-10-25,2019,Solo,4,26,0.0804,0.0,0.2665,-0.4404,0.836,0.385,0.154,0.462,0.1058,0.0375,235,145,0.617,63.59,4.37,1.391,4.35,0.736,0.072,
every_hour_jesus_is_king,Every Hour,Jesus Is King,13,2019-10-25,2019,Solo,7,38,0.0819,0.0,0.2302,0.0,0.8481,0.132,0.0,0.868,0.0319,0.0,415,75,0.1807,13.29,4.03,1.383,4.99,0.742,0.089,
follow_god_jesus_is_king,Follow God,Jesus Is King,13,2019-10-25,2019,Solo,4,38,0.1162,0.0,0.3143,-0.5334,0.6597,0.421,0.132,0.447,0.1055,0.0416,398,186,0.4673,70.76,4.14,1.276,3.56,0.804,0.055,
glory_jesus_is_king,Glory,Jesus Is King,13,2019-10-25,2019,,6,77,0.1194,0.0,0.3288,-0.5994,0.8402,0.364,0.169,0.468,0.1946,0.058,421,205,0.4869,72.17,3.95,1.273,1.57,0.812,0.064,
god_is_jesus_is_king,God Is,Jesus Is King,13,2019-10-25,2019,Solo,4,42,0.2221,0.2097,0.2594,-0.25,0.7506,0.524,0.024,0.452,0.2169,0.0171,338,174,0.5148,39.9,3.93,1.275,2.6,0.82,0.059,
jesus_is_lord_jesus_is_king,Jesus Is Lord,Jesus Is King,13,2019-10-25,2019,Solo,3,10,0.0,0.0,0.0,0.0,0.0,0.0,0.0,1.0,0.0,0.0,71,43,0.6056,28.25,5.08,1.69,7.12,0.606,0.169,
nah_nah_nah_jesus_is_king,Nah Nah Nah,Jesus Is King,13,2019-10-25,2019,,7,62,-0.0894,0.0,0.2676,-0.7845,0.6808,0.129,0.29,0.581,0.0615,0.1374,482,165,0.3423,34.16,3.91,1.245,2.13,0.811,0.041,
selah_jesus_is_king,Selah,Jesus Is King,13,2019-10-25,2019,Solo,2,43,0.1283,0.0,0.3419,-0.5859,0.765,0.372,0.14,0.488,0.1647,0.0648,260,159,0.6115,58.78,3.9,1.273,1.79,0.796,0.046,
go2damoon_donda,Go2DaMoon,Donda,14,2020-12-25,2020,Feature,2,22,0.0359,0.0,0.1744,-0.2584,0.6124,0.182,0.091,0.727,0.0483,0.0258,184,125,0.6793,80.16,3.85,1.228,2.17,0.815,0.033,Playboi Carti primary; Kanye featured. Genius URL credits Kanye as featured artist; original pipeline track_type did not reflect Tier 3 feature status. Phase 4b corpus cleanup corrected misclassification (not based on dedicated line content review). Re-flagged as Tier 3 feature.
donda_donda,Donda,Donda,14,2021-07-01,2021,Feature,3,33,0.2176,0.0772,0.3236,-0.296,0.9325,0.515,0.091,0.394,0.2822,0.0433,211,112,0.5308,25.86,3.96,1.351,2.84,0.758,0.085,
god_breathed_donda,God Breathed,Donda,14,2021-07-01,2021,Feature,5,45,0.132,0.25,0.2475,-0.4588,0.6808,0.533,0.089,0.378,0.194,0.0402,273,94,0.3443,17.12,3.67,1.15,0.35,0.861,0.011,
hurricane_donda,Hurricane,Donda,14,2021-07-01,2021,Feature,1,26,0.058,0.0,0.3355,-0.5267,0.9042,0.231,0.192,0.577,0.0879,0.0776,230,116,0.5043,18.43,3.69,1.239,2.48,0.852,0.039,
jail_donda,Jail,Donda,14,2021-07-01,2021,Feature,8,50,0.0238,0.0,0.27,-0.8481,0.765,0.26,0.1,0.64,0.1236,0.0772,265,90,0.3396,20.16,4.05,1.151,0.06,0.86,0.008,
jail_pt_2_donda,Jail Pt. 2,Donda,14,2021-07-01,2021,Feature,8,46,0.0289,0.0,0.3031,-0.8481,0.6597,0.304,0.13,0.565,0.1397,0.0911,265,91,0.3434,20.94,4.05,1.147,0.19,0.864,0.008,
jesus_lord_donda,Jesus Lord,Donda,14,2021-07-01,2021,Feature,5,158,0.0073,0.0,0.2872,-0.8316,0.6767,0.184,0.133,0.684,0.0506,0.0414,1194,412,0.3451,63.19,4.04,1.261,2.24,0.786,0.039,
jesus_lord_pt_2_donda,Jesus Lord Pt. 2,Donda,14,2021-07-01,2021,Feature,6,147,0.0023,0.0,0.291,-0.9217,0.8519,0.184,0.143,0.673,0.0481,0.0438,1210,417,0.3446,60.68,4.02,1.258,2.46,0.789,0.039,
jonah_donda,Jonah,Donda,14,2021-07-01,2021,Feature,1,12,0.0192,0.0,0.3368,-0.5448,0.6486,0.333,0.333,0.333,0.1208,0.1116,110,67,0.6091,36.67,3.82,1.164,1.72,0.855,0.018,
junya_donda,Junya,Donda,14,2021-07-01,2021,Feature,7,78,0.0278,0.0,0.2039,-0.6486,0.6808,0.167,0.154,0.679,0.0827,0.0436,385,121,0.3143,12.73,3.55,1.236,0.92,0.808,0.044,
junya_pt_2_donda,Junya Pt. 2,Donda,14,2021-07-01,2021,Feature,6,76,0.0023,0.0,0.129,-0.6486,0.5267,0.066,0.105,0.829,0.0269,0.028,352,93,0.2642,11.98,3.51,1.261,1.1,0.79,0.051,
keep_my_spirit_alive_pt_2_donda,Keep My Spirit Alive Pt. 2,Donda,14,2021-07-01,2021,Feature,1,23,-0.0333,0.0,0.1214,-0.296,0.2732,0.043,0.174,0.783,0.01,0.0304,188,116,0.617,72.55,3.79,1.574,6.18,0.644,0.144,
life_of_the_party_donda,Life of the Party,Donda,14,2021-07-01,2021,Solo,5,63,0.181,0.0,0.3196,-0.7579,0.802,0.429,0.079,0.492,0.1753,0.0274,498,228,0.4578,48.58,3.91,1.243,2.16,0.819,0.048,
no_child_left_behind_donda,No Child Left Behind,Donda,14,2021-07-01,2021,Feature,1,6,0.0,0.0,0.0,0.0,0.0,0.0,0.0,1.0,0.0,0.0,32,7,0.2188,0.0,3.69,1.312,1.98,0.812,0.125,
off_the_grid_donda,Off the Grid,Donda,14,2021-07-01,2021,Feature,8,95,0.0373,0.0,0.2347,-0.8325,0.6908,0.211,0.126,0.663,0.0793,0.0382,711,255,0.3586,20.0,3.71,1.184,1.3,0.869,0.045,
ok_ok_donda,Ok Ok,Donda,14,2021-07-01,2021,Feature,4,39,0.1623,0.2732,0.2998,-0.5859,0.7269,0.641,0.154,0.205,0.2988,0.0949,231,95,0.4113,19.73,3.48,1.173,0.56,0.844,0.013,
ok_ok_pt_2_donda,Ok Ok Pt. 2,Donda,14,2021-07-01,2021,Feature,3,36,0.1328,0.1389,0.2976,-0.5859,0.7269,0.556,0.222,0.222,0.2475,0.1135,209,96,0.4593,27.53,3.55,1.172,0.51,0.842,0.01,
praise_god_donda,Praise God,Donda,14,2021-07-01,2021,Feature,4,31,0.054,0.0,0.2836,-0.7433,0.6908,0.323,0.161,0.516,0.1476,0.0776,158,80,0.5063,72.22,3.84,1.133,-0.23,0.867,0.0,
pure_souls_donda,Pure Souls,Donda,14,2021-07-01,2021,Feature,5,80,0.0575,0.0,0.2746,-0.5267,0.8519,0.237,0.125,0.637,0.1067,0.0401,600,219,0.365,24.76,3.75,1.218,1.71,0.822,0.03,
remote_control_donda,Remote Control,Donda,14,2021-07-01,2021,Feature,6,23,0.1342,0.0,0.2878,-0.6269,0.6486,0.348,0.043,0.609,0.1093,0.0251,141,61,0.4326,25.15,3.81,1.241,1.45,0.787,0.028,
remote_control_pt_2_donda,Remote Control Pt. 2,Donda,14,2021-07-01,2021,Feature,5,18,0.0814,0.0,0.2646,-0.6269,0.5574,0.278,0.056,0.667,0.0773,0.0321,106,51,0.4811,19.95,3.79,1.236,1.29,0.792,0.028,
24_donda,24,Donda,14,2021-08-29,2021,Solo,4,32,0.2105,0.1132,0.2621,-0.3612,0.7003,0.5,0.031,0.469,0.2072,0.0312,205,76,0.3707,15.91,3.84,1.312,2.39,0.746,0.054,
believe_what_i_say_donda,Believe What I Say,Donda,14,2021-08-29,2021,Solo,5,49,0.1058,0.0,0.3934,-0.7783,0.7906,0.429,0.265,0.306,0.1477,0.0758,414,175,0.4227,41.5,4.13,1.278,2.78,0.778,0.046,
come_to_life_donda,Come to Life,Donda,14,2021-08-29,2021,Solo,8,62,0.0951,0.0,0.3622,-0.5659,0.7823,0.323,0.194,0.484,0.1598,0.081,475,188,0.3958,37.13,4.1,1.295,2.68,0.794,0.065,
donda_chant_donda,Donda Chant,Donda,14,2021-08-29,2021,Solo,3,12,0.0,0.0,0.0,0.0,0.0,0.0,0.0,1.0,0.0,0.0,109,42,0.3853,3.88,5.24,1.927,10.69,0.229,0.092,
heaven_and_hell_donda,Heaven and Hell,Donda,14,2021-08-29,2021,Solo,2,33,0.0121,0.0,0.3646,-0.8689,0.5994,0.333,0.212,0.455,0.1318,0.1157,239,116,0.4854,15.94,3.95,1.188,1.26,0.841,0.025,
lord_i_need_you_donda,Lord I Need You,Donda,14,2021-08-29,2021,Solo,5,44,0.0952,0.0,0.2843,-0.7351,0.7783,0.341,0.114,0.545,0.1101,0.0541,445,224,0.5034,66.91,4.07,1.308,3.79,0.787,0.067,
moon_donda,Moon,Donda,14,2021-08-29,2021,Solo,1,12,0.0493,0.0191,0.0878,0.0,0.296,0.167,0.0,0.833,0.1211,0.0,96,22,0.2292,13.71,3.65,1.083,0.31,0.938,0.021,
new_again_donda,New Again,Donda,14,2021-08-29,2021,,5,41,0.044,0.0,0.26,-0.6486,0.8402,0.171,0.073,0.756,0.0513,0.0305,343,153,0.4461,27.75,3.95,1.327,3.33,0.764,0.064,
tell_the_vision_donda,Tell the Vision,Donda,14,2021-08-29,2021,Solo,3,5,0.05,0.0,0.1118,0.0,0.25,0.2,0.0,0.8,0.0102,0.0,54,42,0.7778,51.9,4.83,1.611,7.63,0.685,0.148,
never_abandon_your_family_donda,Never Abandon Your Family,Donda,14,2021-11-14,2021,Solo,3,22,0.0105,0.0,0.3229,-0.4404,0.6369,0.227,0.364,0.409,0.102,0.1333,158,88,0.557,27.94,4.34,1.329,2.89,0.759,0.07,
up_from_the_ashes_donda,Up From the Ashes,Donda,14,2021-11-14,2021,Solo,5,18,0.2204,0.1366,0.3811,-0.7184,0.6597,0.5,0.111,0.389,0.1985,0.0651,137,72,0.5255,54.07,3.64,1.168,1.16,0.847,0.015,
city_of_gods_donda_2,City of Gods,Donda 2,15,2022-02-22,2022,Solo,1,41,0.0631,0.0,0.3077,-0.6808,0.7184,0.317,0.146,0.537,0.0958,0.0656,393,195,0.4962,62.51,3.73,1.206,2.38,0.822,0.025,
flowers_donda_2,Flowers,Donda 2,15,2022-02-22,2022,Solo,13,51,0.2372,0.296,0.3305,-0.5777,0.8519,0.549,0.078,0.373,0.1978,0.0333,422,116,0.2749,23.52,3.95,1.223,2.07,0.822,0.028,
get_lost_donda_2,Get Lost,Donda 2,15,2022-02-22,2022,Solo,2,45,-0.0722,0.0,0.2464,-0.6597,0.5574,0.111,0.311,0.578,0.062,0.1174,279,133,0.4767,38.66,4.04,1.294,2.1,0.821,0.072,
happy_donda_2,Happy,Donda 2,15,2022-02-22,2022,Solo,17,48,-0.0586,0.0,0.2315,-0.8074,0.672,0.042,0.146,0.812,0.0468,0.0717,249,72,0.2892,38.54,4.04,1.293,1.69,0.755,0.036,
life_donda_2,Life,Donda 2,15,2022-02-22,2022,Solo,4,16,0.1191,0.0,0.1878,0.0,0.5267,0.312,0.0,0.688,0.1084,0.0,106,33,0.3113,11.5,4.07,1.34,2.8,0.755,0.094,
link_up_donda_2,Link Up,Donda 2,15,2022-02-22,2022,Solo,3,11,0.0936,0.0,0.1749,0.0,0.5106,0.273,0.0,0.727,0.1125,0.0,62,56,0.9032,114.65,4.65,1.468,3.93,0.71,0.129,
my_life_was_never_eazy_donda_2,My Life Was Never Eazy,Donda 2,15,2022-02-22,2022,Solo,2,6,0.0,0.0,0.0,0.0,0.0,0.0,0.0,1.0,0.0,0.0,41,14,0.3415,0.0,3.56,1.244,1.75,0.829,0.024,
possessions_donda_2,Possessions,Donda 2,15,2022-02-22,2022,Solo,10,67,-0.1965,0.0,0.3204,-0.6908,0.6705,0.09,0.463,0.448,0.0537,0.2014,355,95,0.2676,10.13,3.66,1.31,1.93,0.732,0.025,
rock_n_roll_donda_2,Rock N Roll,Donda 2,15,2022-02-22,2022,Feature,1,15,0.022,0.0,0.3855,-0.5584,0.5574,0.4,0.333,0.267,0.1167,0.0839,148,94,0.6351,50.05,3.82,1.216,2.61,0.818,0.027,Pusha T primary; Kanye featured. Genius URL credits Kanye as featured artist; original pipeline track_type did not reflect Tier 3 feature status. Phase 4b corpus cleanup corrected misclassification (not based on dedicated line content review). Re-flagged as Tier 3 feature.
sci_fi_donda_2,Sci Fi,Donda 2,15,2022-02-22,2022,Solo,3,24,0.1296,0.0,0.3302,-0.5499,0.743,0.375,0.125,0.5,0.1856,0.0481,175,68,0.3886,21.41,3.62,1.28,2.36,0.783,0.063,
security_donda_2,Security,Donda 2,15,2022-02-22,2022,Solo,7,27,0.0644,0.0,0.232,-0.4829,0.5859,0.481,0.148,0.37,0.1541,0.0984,211,104,0.4929,46.33,4.3,1.488,5.02,0.725,0.109,
too_easy_donda_2,Too Easy,Donda 2,15,2022-02-22,2022,Solo,6,45,0.5429,0.6369,0.2579,-0.4019,0.7783,0.889,0.022,0.089,0.493,0.01,238,70,0.2941,19.6,3.5,1.214,0.8,0.861,0.059,
we_made_it_donda_2,We Made It,Donda 2,15,2022-02-22,2022,Solo,11,71,0.2233,0.0,0.3285,-0.296,0.8316,0.423,0.099,0.479,0.2756,0.0607,419,163,0.389,31.71,4.24,1.291,1.95,0.804,0.048,
broken_road_donda_2,Broken Road,Donda 2,15,2022-07-01,2022,Feature,2,20,-0.0087,0.0,0.3759,-0.5423,0.8442,0.2,0.3,0.5,0.0837,0.1442,135,84,0.6222,33.86,3.87,1.259,1.9,0.8,0.037,
daylight_donda_2,Daylight,Donda 2,15,2022-07-01,2022,Feature,6,39,-0.0272,0.0,0.3191,-0.9217,0.5859,0.179,0.154,0.667,0.0578,0.1022,242,114,0.4711,14.68,4.31,1.306,2.24,0.736,0.037,
first_time_in_a_long_time_donda_2,First Time in a Long Time,Donda 2,15,2022-07-01,2022,Feature,6,40,0.0293,0.0,0.2667,-0.5719,0.765,0.15,0.1,0.75,0.0975,0.0324,421,116,0.2755,17.07,3.48,1.069,1.13,0.938,0.007,
fortunate_donda_2,Fortunate,Donda 2,15,2022-07-01,2022,Feature,5,41,0.0237,0.0,0.2984,-0.5859,0.4927,0.22,0.22,0.561,0.1261,0.0728,280,111,0.3964,18.02,3.66,1.182,1.02,0.868,0.05,
louie_bags_donda_2,Louie Bags,Donda 2,15,2022-07-01,2022,Feature,8,75,-0.0395,0.0,0.2755,-0.5859,0.8176,0.253,0.48,0.267,0.0839,0.1165,597,151,0.2529,23.39,4.18,1.3,2.85,0.734,0.034,
mr_miyagi_donda_2,Mr. Miyagi,Donda 2,15,2022-07-01,2022,Feature,8,46,0.0919,0.0,0.3226,-0.7906,0.6908,0.391,0.152,0.457,0.2082,0.0387,345,141,0.4087,31.81,3.8,1.203,1.53,0.826,0.02,
pablo_donda_2,Pablo,Donda 2,15,2022-07-01,2022,Feature,5,62,0.2191,0.0,0.4215,-0.9022,0.8555,0.435,0.081,0.484,0.2007,0.0419,453,83,0.1832,10.93,3.95,1.091,0.13,0.909,0.0,
selfish_donda_2,Selfish,Donda 2,15,2022-07-01,2022,Feature,1,21,0.0736,0.0,0.2478,-0.3875,0.4767,0.381,0.143,0.476,0.1194,0.056,123,70,0.5691,22.89,3.48,1.114,-0.16,0.919,0.033,
true_love_donda_2,True Love,Donda 2,15,2022-07-01,2022,Feature,4,28,0.0307,0.0,0.3452,-0.8316,0.7906,0.214,0.286,0.5,0.0953,0.0674,241,104,0.4315,30.12,4.18,1.237,2.36,0.805,0.033,
we_did_it_kid_donda_2,We Did It Kid,Donda 2,15,2022-07-01,2022,Feature,2,59,0.0296,0.0,0.2992,-0.743,0.5994,0.237,0.136,0.627,0.1105,0.0541,367,177,0.4823,57.69,3.74,1.234,1.4,0.831,0.049,
back_to_me_vultures_1_vultures_2,BACK TO ME,Vultures 1 + Vultures 2,16,2024-02-10,2024,,2,40,0.0049,0.0,0.378,-0.9041,0.5994,0.2,0.225,0.575,0.0778,0.1021,283,68,0.2403,28.45,3.8,1.17,0.97,0.859,0.028,
burn_vultures_1_vultures_2,Burn,Vultures 1 + Vultures 2,16,2024-02-10,2024,Collaboration,3,32,0.1884,0.0312,0.4084,-0.6765,0.8555,0.5,0.125,0.375,0.2672,0.1075,199,95,0.4774,26.82,4.04,1.276,1.9,0.829,0.08,
carnival_vultures_1_vultures_2,Carnival,Vultures 1 + Vultures 2,16,2024-02-10,2024,,1,14,-0.12,0.0,0.4405,-0.8225,0.802,0.214,0.429,0.357,0.0861,0.1416,129,90,0.6977,65.53,3.75,1.178,1.91,0.853,0.016,
forever_vultures_1_vultures_2,FOREVER,Vultures 1 + Vultures 2,16,2024-02-10,2024,,1,22,-0.096,0.0,0.3941,-0.8442,0.6808,0.318,0.364,0.318,0.0985,0.1448,204,137,0.6716,110.45,4.0,1.25,2.78,0.784,0.029,
good_don_t_die_vultures_1_vultures_2,Good (Don't Die),Vultures 1 + Vultures 2,16,2024-02-10,2024,Collaboration,2,24,0.3527,0.3612,0.3737,-0.128,0.8555,0.625,0.083,0.292,0.3505,0.0931,186,43,0.2312,14.31,3.85,1.183,1.39,0.828,0.011,
keys_to_my_life_vultures_1_vultures_2,Keys to My Life,Vultures 1 + Vultures 2,16,2024-02-10,2024,Collaboration,3,39,0.0698,0.0,0.2978,-0.7351,0.7351,0.333,0.128,0.538,0.0859,0.0506,325,175,0.5385,50.66,3.81,1.274,2.69,0.775,0.043,
king_vultures_1_vultures_2,King,Vultures 1 + Vultures 2,16,2024-02-10,2024,Collaboration,6,41,-0.1402,0.0,0.2859,-0.7783,0.6369,0.049,0.341,0.61,0.027,0.1231,248,122,0.4919,38.38,4.02,1.254,1.57,0.855,0.081,
paid_vultures_1_vultures_2,Paid,Vultures 1 + Vultures 2,16,2024-02-10,2024,Collaboration,2,41,-0.0849,0.0,0.2503,-0.743,0.4939,0.049,0.244,0.707,0.0407,0.0855,264,119,0.4508,18.41,3.94,1.178,0.82,0.852,0.015,
problematic_vultures_1_vultures_2,Problematic,Vultures 1 + Vultures 2,16,2024-02-10,2024,Collaboration,2,52,-0.0267,0.0,0.3511,-0.8338,0.6808,0.25,0.288,0.462,0.0916,0.1029,460,237,0.5152,94.1,3.95,1.278,2.94,0.78,0.05,
stars_vultures_1_vultures_2,Stars,Vultures 1 + Vultures 2,16,2024-02-10,2024,Collaboration,1,12,-0.0064,0.0,0.2323,-0.5423,0.5423,0.083,0.167,0.75,0.0747,0.0783,61,47,0.7705,74.42,3.75,1.115,-0.45,0.902,0.016,
talking_vultures_1_vultures_2,Talking,Vultures 1 + Vultures 2,16,2024-02-10,2024,Collaboration,1,4,0.0,0.0,0.0,0.0,0.0,0.0,0.0,1.0,0.0,0.0,76,13,0.1711,15.83,3.53,1.211,6.1,0.842,0.053,
vultures_vultures_1_vultures_2,Vultures,Vultures 1 + Vultures 2,16,2024-02-10,2024,Solo,5,54,-0.0505,0.0,0.3553,-0.8481,0.8779,0.222,0.315,0.463,0.0856,0.1062,458,244,0.5328,86.4,3.93,1.26,2.58,0.79,0.041,
beg_forgiveness_vultures_1_vultures_2,BEG FORGIVENESS,Vultures 1 + Vultures 2,16,2024-07-01,2024,Feature,1,12,0.0559,0.0,0.3515,-0.5423,0.5859,0.333,0.25,0.417,0.0814,0.0778,105,57,0.5429,26.28,3.64,1.181,1.76,0.857,0.038,
dead_vultures_1_vultures_2,DEAD,Vultures 1 + Vultures 2,16,2024-07-01,2024,Feature,2,19,-0.0841,0.0,0.4045,-0.7506,0.4939,0.316,0.368,0.316,0.0782,0.1283,187,94,0.5027,33.03,3.68,1.176,2.13,0.845,0.021,
do_it_vultures_1_vultures_2,DO IT,Vultures 1 + Vultures 2,16,2024-07-01,2024,Feature,2,25,-0.03,0.0,0.3186,-0.8225,0.7003,0.24,0.2,0.56,0.0716,0.0842,190,125,0.6579,79.54,3.52,1.121,0.6,0.889,0.021,
field_trip_vultures_1_vultures_2,FIELD TRIP,Vultures 1 + Vultures 2,16,2024-07-01,2024,Feature,3,15,-0.0733,0.0,0.3503,-0.5859,0.5859,0.2,0.4,0.4,0.0843,0.1635,88,55,0.625,33.56,4.12,1.284,1.85,0.773,0.057,
forever_rolling_vultures_1_vultures_2,FOREVER ROLLING,Vultures 1 + Vultures 2,16,2024-07-01,2024,Feature,3,29,-0.0268,0.0,0.2853,-0.5423,0.6249,0.138,0.241,0.621,0.0573,0.0588,267,144,0.5393,50.41,4.1,1.341,3.82,0.719,0.064,
fuk_sumn_vultures_1_vultures_2,FUK SUMN,Vultures 1 + Vultures 2,16,2024-07-01,2024,Feature,3,17,-0.0062,0.0,0.3718,-0.7922,0.5719,0.353,0.176,0.471,0.0841,0.0862,117,52,0.4444,13.81,3.61,1.239,1.72,0.778,0.017,
gun_to_my_head_vultures_1_vultures_2,Gun to My Head,Vultures 1 + Vultures 2,16,2024-07-01,2024,Feature,2,29,0.0447,0.0,0.2887,-0.5551,0.6369,0.31,0.241,0.448,0.1091,0.0615,216,109,0.5046,46.4,3.6,1.171,1.14,0.852,0.023,
hoodrat_vultures_1_vultures_2,HOODRAT,Vultures 1 + Vultures 2,16,2024-07-01,2024,Feature,7,68,0.0853,0.0,0.2554,-0.8625,0.6369,0.235,0.029,0.735,0.1065,0.0207,332,128,0.3855,10.39,4.34,1.334,2.06,0.678,0.006,
lifestyle_vultures_1_vultures_2,LIFESTYLE,Vultures 1 + Vultures 2,16,2024-07-01,2024,Feature,4,20,0.0953,0.0,0.1739,0.0,0.5267,0.25,0.0,0.75,0.1455,0.0,106,33,0.3113,11.5,4.07,1.34,2.28,0.755,0.094,
my_soul_vultures_1_vultures_2,MY SOUL,Vultures 1 + Vultures 2,16,2024-07-01,2024,Feature,1,18,-0.0609,0.0,0.2587,-0.6597,0.4404,0.167,0.278,0.556,0.0528,0.0999,135,94,0.6963,85.79,4.41,1.533,5.43,0.681,0.148,
no_apologies_vultures_1_vultures_2,No Apologies,Vultures 1 + Vultures 2,16,2024-07-01,2024,Feature,5,58,-0.1109,0.0,0.1949,-0.4767,0.6369,0.052,0.431,0.517,0.0153,0.2988,215,42,0.1953,14.61,3.91,1.442,2.87,0.823,0.135,
no_bad_news_vultures_1_vultures_2,No Bad News,Vultures 1 + Vultures 2,16,2024-07-01,2024,Feature,3,15,0.216,0.1655,0.1524,0.0,0.431,0.8,0.0,0.2,0.2556,0.0876,94,14,0.1489,12.31,3.79,1.351,2.8,0.649,0.0,
no_face_vultures_1_vultures_2,No Face,Vultures 1 + Vultures 2,16,2024-07-01,2024,Feature,2,17,-0.0092,0.0,0.3259,-0.8878,0.4019,0.235,0.176,0.588,0.0872,0.0741,137,88,0.6423,27.89,3.5,1.161,1.25,0.876,0.029,
paperwork_vultures_1_vultures_2,PAPERWORK,Vultures 1 + Vultures 2,16,2024-07-01,2024,Feature,3,51,0.0818,0.0,0.2652,-0.5267,0.6705,0.294,0.137,0.569,0.1796,0.0775,270,119,0.4407,32.74,3.94,1.215,0.81,0.826,0.041,
promotion_vultures_1_vultures_2,PROMOTION,Vultures 1 + Vultures 2,16,2024-07-01,2024,Feature,4,28,0.0508,0.0,0.4082,-0.8225,0.6124,0.429,0.286,0.286,0.2016,0.1424,164,79,0.4817,21.96,3.73,1.207,0.94,0.854,0.03,
plain_jane_vultures_1_vultures_2,Plain Jane,Vultures 1 + Vultures 2,16,2024-07-01,2024,Feature,3,31,0.0198,0.0,0.2999,-0.6608,0.5984,0.226,0.194,0.581,0.1454,0.0722,158,82,0.519,28.55,3.73,1.19,0.44,0.848,0.025,
river_vultures_1_vultures_2,RIVER,Vultures 1 + Vultures 2,16,2024-07-01,2024,Feature,5,37,0.1313,0.0,0.4853,-0.7946,0.891,0.378,0.189,0.432,0.2108,0.0892,266,112,0.4211,38.79,3.71,1.195,1.32,0.823,0.015,
sky_city_vultures_1_vultures_2,SKY CITY,Vultures 1 + Vultures 2,16,2024-07-01,2024,Feature,2,32,0.0201,0.0,0.284,-0.6486,0.5106,0.281,0.156,0.562,0.0693,0.0575,294,175,0.5952,102.47,3.82,1.224,2.44,0.806,0.037,
trinity_205_vultures_1_vultures_2,Trinity 205,Vultures 1 + Vultures 2,16,2024-07-01,2024,Feature,5,57,0.0273,0.0,0.3176,-0.6597,0.7506,0.228,0.158,0.614,0.0684,0.0657,416,186,0.4471,38.13,4.04,1.269,2.23,0.764,0.031,
where_they_at_vultures_1_vultures_2,Where They At,Vultures 1 + Vultures 2,16,2024-07-01,2024,Feature,6,81,0.0176,0.0,0.1701,-0.6597,0.4168,0.123,0.037,0.84,0.0607,0.0163,370,139,0.3757,12.76,3.89,1.173,0.03,0.868,0.035,
act_iii_on_god_remix_vultures_1_vultures_2,act iii: on god? (Remix),Vultures 1 + Vultures 2,16,2024-07-01,2024,Feature,1,14,-0.2498,-0.2674,0.3697,-0.8591,0.3486,0.143,0.571,0.286,0.0661,0.25,106,74,0.6981,46.5,3.8,1.151,0.94,0.896,0.038,
530_vultures_1_vultures_2,530,Vultures 1 + Vultures 2,16,2024-08-03,2024,Collaboration,8,84,-0.1178,0.0,0.3856,-0.8118,0.836,0.179,0.405,0.417,0.0649,0.1549,711,270,0.3797,32.41,3.86,1.229,2.22,0.814,0.028,
fried_vultures_1_vultures_2,Fried,Vultures 1 + Vultures 2,16,2024-08-03,2024,Collaboration,6,24,-0.1349,-0.0386,0.2501,-0.7037,0.3818,0.083,0.5,0.417,0.0432,0.14,188,98,0.5213,51.0,3.88,1.176,1.34,0.846,0.016,
husband_vultures_1_vultures_2,Husband,Vultures 1 + Vultures 2,16,2024-08-03,2024,Collaboration,1,29,0.1056,0.0,0.2295,-0.1531,0.765,0.241,0.103,0.655,0.0859,0.0443,282,102,0.3617,14.47,3.61,1.124,1.47,0.894,0.018,
maybe_vultures_1_vultures_2,Maybe,Vultures 1 + Vultures 2,16,2024-08-03,2024,Collaboration,3,13,0.2583,0.0772,0.4414,-0.5859,0.7845,0.538,0.154,0.308,0.2689,0.0359,99,60,0.6061,31.83,3.49,1.172,1.21,0.889,0.061,
slide_vultures_1_vultures_2,Slide,Vultures 1 + Vultures 2,16,2024-08-03,2024,Collaboration,1,12,0.1627,0.234,0.2934,-0.5439,0.5023,0.583,0.083,0.333,0.1524,0.0444,117,79,0.6752,85.03,3.56,1.171,2.03,0.863,0.034,
time_moving_slow_vultures_1_vultures_2,Time Moving Slow,Vultures 1 + Vultures 2,16,2024-08-03,2024,Collaboration,5,38,-0.0276,0.0,0.256,-0.7845,0.6597,0.105,0.184,0.711,0.048,0.0665,255,130,0.5098,19.88,3.73,1.204,1.23,0.816,0.02,
beauty_and_the_beast_bully_build_up_cuck_iapw_controversy,Beauty and the Beast,Bully build-up + Cuck/IAPW controversy,17,2025-06-01,2025,,8,29,-0.0099,0.0,0.2072,-0.4215,0.3818,0.138,0.138,0.724,0.0453,0.0329,187,51,0.2727,24.22,4.02,1.283,2.07,0.802,0.075,
god_s_in_control_bully_build_up_cuck_iapw_controversy,God's in Control,Bully build-up + Cuck/IAPW controversy,17,2025-06-01,2025,,1,86,0.0638,0.0,0.2757,-0.7684,0.886,0.221,0.07,0.709,0.0576,0.0267,769,377,0.4902,102.33,4.33,1.505,5.65,0.681,0.139,
i_can_t_wait_bully_build_up_cuck_iapw_controversy,I Can't Wait,Bully build-up + Cuck/IAPW controversy,17,2025-06-01,2025,,6,37,-0.0125,0.0,0.3848,-0.7906,0.6369,0.243,0.27,0.486,0.1119,0.1235,234,120,0.5128,54.58,3.85,1.244,1.55,0.816,0.051,
mama_s_favorite_bully_build_up_cuck_iapw_controversy,Mama's Favorite,Bully build-up + Cuck/IAPW controversy,17,2025-06-01,2025,,3,48,0.0684,0.0,0.2995,-0.6486,0.802,0.375,0.125,0.5,0.1431,0.0582,382,155,0.4058,40.58,3.92,1.228,2.0,0.83,0.042,
mission_control_bully_build_up_cuck_iapw_controversy,Mission Control,Bully build-up + Cuck/IAPW controversy,17,2025-06-01,2025,,6,31,0.1076,0.0,0.2323,-0.2732,0.5106,0.29,0.065,0.645,0.106,0.0191,149,40,0.2685,23.0,3.93,1.289,1.49,0.711,0.0,
punch_drunk_bully_build_up_cuck_iapw_controversy,Punch Drunk,Bully build-up + Cuck/IAPW controversy,17,2025-06-01,2025,,3,24,0.0009,0.0,0.3189,-0.5216,0.6369,0.25,0.292,0.458,0.1009,0.1344,130,86,0.6615,65.0,4.65,1.469,3.86,0.646,0.085,
this_one_here_bully_build_up_cuck_iapw_controversy,This One Here,Bully build-up + Cuck/IAPW controversy,17,2025-06-01,2025,,9,61,-0.0663,0.0,0.2339,-0.6124,0.6369,0.082,0.197,0.721,0.0241,0.0768,430,105,0.2442,23.27,3.71,1.123,0.41,0.881,0.005,
welcome_to_the_jungle_bully_build_up_cuck_iapw_controversy,Welcome to the Jungle,Bully build-up + Cuck/IAPW controversy,17,2025-06-01,2025,,4,33,-0.136,-0.2134,0.4229,-0.8105,0.6369,0.273,0.515,0.212,0.1914,0.19,230,133,0.5783,59.91,3.73,1.217,1.49,0.839,0.043,
whatever_works_bully_build_up_cuck_iapw_controversy,Whatever Works,Bully build-up + Cuck/IAPW controversy,17,2025-06-01,2025,,5,38,0.0548,0.0,0.3231,-0.8176,0.6369,0.263,0.105,0.632,0.0764,0.0531,297,139,0.468,27.27,4.15,1.29,2.67,0.805,0.081,
all_the_love_bully_build_up_cuck_iapw_controversy,All the Love,Bully build-up + Cuck/IAPW controversy,17,2025-07-01,2025,Solo,6,36,0.0327,0.0,0.4346,-0.5106,0.6369,0.417,0.306,0.278,0.1343,0.1261,238,33,0.1387,16.79,3.64,1.126,0.28,0.874,0.0,
bully_bully_build_up_cuck_iapw_controversy,Bully,Bully build-up + Cuck/IAPW controversy,17,2025-07-01,2025,Solo,4,28,0.0207,0.0,0.2644,-0.5574,0.6369,0.25,0.214,0.536,0.1329,0.1028,134,84,0.6269,65.39,3.56,1.224,0.72,0.821,0.037,
father_bully_build_up_cuck_iapw_controversy,Father,Bully build-up + Cuck/IAPW controversy,17,2025-07-01,2025,Solo,3,22,0.0497,0.0,0.1333,0.0,0.5023,0.136,0.0,0.864,0.0388,0.0,158,59,0.3734,13.73,3.59,1.127,0.5,0.873,0.0,
last_breath_bully_build_up_cuck_iapw_controversy,Last Breath,Bully build-up + Cuck/IAPW controversy,17,2025-07-01,2025,Solo,4,27,0.0259,0.0,0.2696,-0.5574,0.6908,0.222,0.185,0.593,0.1141,0.0582,152,90,0.5921,48.52,3.82,1.349,2.52,0.704,0.039,
melrose_bully_build_up_cuck_iapw_controversy,Melrose,Bully build-up + Cuck/IAPW controversy,17,2025-07-01,2025,Solo,8,38,-0.0281,0.0,0.1427,-0.5028,0.34,0.026,0.079,0.895,0.0186,0.0273,203,52,0.2562,24.87,3.94,1.227,0.97,0.773,0.0,
white_lines_bully_build_up_cuck_iapw_controversy,White Lines,Bully build-up + Cuck/IAPW controversy,17,2025-07-01,2025,Solo,3,38,0.152,0.0,0.231,0.0,0.7096,0.342,0.0,0.658,0.1471,0.0,194,100,0.5155,57.97,3.89,1.237,1.0,0.856,0.062,
circles_bully_build_up_cuck_iapw_controversy,Circles,Bully build-up + Cuck/IAPW controversy,17,2026-03-28,2026,Solo,5,12,0.0095,0.0,0.0329,0.0,0.1139,0.083,0.0,0.917,0.0187,0.0,67,41,0.6119,12.75,4.99,1.567,5.08,0.597,0.03,
damn_bully_build_up_cuck_iapw_controversy,Damn,Bully build-up + Cuck/IAPW controversy,17,2026-03-28,2026,Solo,4,40,0.0182,0.0,0.3913,-0.7964,0.7949,0.225,0.15,0.625,0.115,0.1041,221,58,0.2624,74.53,3.95,1.258,1.41,0.819,0.018,
highs_and_lows_bully_build_up_cuck_iapw_controversy,Highs and Lows,Bully build-up + Cuck/IAPW controversy,17,2026-03-28,2026,Solo,5,21,0.0426,0.0,0.3497,-0.3818,0.8555,0.143,0.238,0.619,0.0839,0.1143,147,59,0.4014,26.12,3.84,1.238,1.75,0.857,0.048,
king_bully_build_up_cuck_iapw_controversy,King,Bully build-up + Cuck/IAPW controversy,17,2026-03-28,2026,Solo,6,41,-0.1402,0.0,0.2859,-0.7783,0.6369,0.049,0.341,0.61,0.027,0.1231,248,122,0.4919,38.38,4.02,1.254,1.57,0.855,0.081,
preacher_man_bully_build_up_cuck_iapw_controversy,Preacher Man,Bully build-up + Cuck/IAPW controversy,17,2026-03-28,2026,Solo,8,61,0.074,0.0,0.285,-0.5719,0.7906,0.148,0.066,0.787,0.0804,0.0226,412,147,0.3568,24.99,3.83,1.26,1.91,0.837,0.058,
this_a_must_bully_build_up_cuck_iapw_controversy,This a Must,Bully build-up + Cuck/IAPW controversy,17,2026-03-28,2026,Solo,5,28,0.0828,0.0,0.3536,-0.7096,0.7823,0.393,0.214,0.393,0.1148,0.066,321,163,0.5078,30.96,3.81,1.187,2.89,0.85,0.034,
billie_jean_2008_kanye_west_mix_808s_heartbreak,Billie Jean (2008 Kanye West Mix),808s & Heartbreak,4,2008-02-08,2008,intro_outro_only,2,19,0.0494,0.1396,0.4597,-0.5667,0.7003,0.526,0.368,0.105,0.3137,0.1853,106,39,0.3679,10.71,3.75,1.198,0.72,0.84,0.038,
freaky_girl_edit_wyoming_sessions_ye_ksg,Freaky Girl Edit,Wyoming Sessions (ye / KSG),12,2018-09-30,2018,Solo,6,37,0.0595,0.0,0.5122,-0.7263,0.9022,0.378,0.324,0.297,0.1439,0.1464,335,133,0.397,23.93,3.6,1.143,1.43,0.872,0.012,
