track_id,track_title,album,kworb_total_streams,kworb_match_score,kworb_fetch_date,billboard_hot100_peak,billboard_hot100_weeks_on_chart,billboard_hot100_debut_date,charted_hot100,riaa_certification,riaa_cert_date,duration_seconds,fetch_timestamp,parser_note
all_falls_down_pre_dropout_era,All Falls Down,Pre-Dropout era,1079981876,100.00,2026-05-10,7,,2004-03-08,True,6x Platinum,,223,2026-05-12T16:42:07Z,
champions_pre_dropout_era,Champions,Pre-Dropout era,319140574,100.00,2026-05-10,,,,False,,,,2026-05-12T16:42:07Z,
get_by_remix_pre_dropout_era,Get By (Remix),Pre-Dropout era,,,,,,,False,,,,2026-05-12T16:42:07Z,no_kworb_match;best_kworb_title='Get Em High';best_score=66.67
hold_on_remix_pre_dropout_era,Hold On (Remix),Pre-Dropout era,2065226,100.00,2026-05-10,,,,False,,,,2026-05-12T16:42:07Z,
the_good_the_bad_the_ugly_pre_dropout_era,"The Good, The Bad, The Ugly",Pre-Dropout era,16100967,100.00,2026-05-10,,,,False,,,,2026-05-12T16:42:07Z,
two_words_pre_dropout_era,Two Words,Pre-Dropout era,79731792,100.00,2026-05-10,,,,False,Gold,,,2026-05-12T16:42:07Z,
through_the_wire_pre_dropout_era,Through the Wire,Pre-Dropout era,489592175,100.00,2026-05-10,15,,2003-09-30,True,3x Platinum,,221,2026-05-12T16:42:07Z,
breathe_in_breathe_out_the_college_dropout,Breathe In Breathe Out,The College Dropout,46272017,100.00,2026-05-10,,,,False,,,,2026-05-12T16:42:07Z,
family_business_the_college_dropout,Family Business,The College Dropout,157532692,100.00,2026-05-10,,,,False,Gold,,,2026-05-12T16:42:07Z,
get_em_high_the_college_dropout,Get 'Em High,The College Dropout,73249282,95.65,2026-05-10,,,,False,,,,2026-05-12T16:42:07Z,
intro_the_college_dropout,Intro,The College Dropout,118578,100.00,2026-05-10,,,,False,,,,2026-05-12T16:42:07Z,
jesus_walks_the_college_dropout,Jesus Walks,The College Dropout,334899383,100.00,2026-05-10,11,,2004-05-25,True,3x Platinum,,193,2026-05-12T16:42:07Z,
last_call_the_college_dropout,Last Call.,The College Dropout,69598017,94.74,2026-05-10,,,,False,,,,2026-05-12T16:42:07Z,
lil_jimmy_skit_the_college_dropout,Lil Jimmy Skit,The College Dropout,17770520,100.00,2026-05-10,,,,False,,,,2026-05-12T16:42:07Z,
never_let_me_down_the_college_dropout,Never Let Me Down,The College Dropout,100648072,100.00,2026-05-10,,,,False,,,,2026-05-12T16:42:07Z,
school_spirit_the_college_dropout,School Spirit,The College Dropout,49601624,100.00,2026-05-10,,,,False,,,,2026-05-12T16:42:07Z,
slow_jamz_the_college_dropout,Slow Jamz,The College Dropout,304771461,100.00,2026-05-10,1,,2003-11-10,True,3x Platinum,,212,2026-05-12T16:42:07Z,
spaceship_the_college_dropout,Spaceship,The College Dropout,136283981,100.00,2026-05-10,,,,False,Gold,,,2026-05-12T16:42:07Z,
the_new_workout_plan_the_college_dropout,The New Workout Plan,The College Dropout,114919868,100.00,2026-05-10,,,,False,Platinum,,,2026-05-12T16:42:07Z,
we_don_t_care_the_college_dropout,We Don't Care,The College Dropout,131544873,100.00,2026-05-10,,,,False,Gold,,,2026-05-12T16:42:07Z,
workout_plan_the_college_dropout,Workout Plan,The College Dropout,114919868,100.00,2026-05-10,,,,False,Platinum,,,2026-05-12T16:42:07Z,
confessions_part_ii_remix_the_college_dropout,Confessions Part II (Remix),The College Dropout,13748788,100.00,2026-05-10,,,,False,,,,2026-05-12T16:42:07Z,
down_and_out_the_college_dropout,Down and Out,The College Dropout,56855303,100.00,2026-05-10,94,,2005-01-11,True,,,248,2026-05-12T16:42:07Z,
gettin_it_in_the_college_dropout,Gettin' It In,The College Dropout,2256021,100.00,2026-05-10,,,,False,,,,2026-05-12T16:42:07Z,
i_got_a_love_the_college_dropout,I Got a Love,The College Dropout,,,,,,,False,,,,2026-05-12T16:42:07Z,no_kworb_match;best_kworb_title='I Love It (& Lil Pump)';best_score=80.00
i_see_now_the_college_dropout,I See Now,The College Dropout,1075297,100.00,2026-05-10,,,,False,,,,2026-05-12T16:42:07Z,
my_baby_the_college_dropout,My Baby,The College Dropout,3343599,100.00,2026-05-10,,,,False,,,,2026-05-12T16:42:07Z,
number_one_the_college_dropout,Number One,The College Dropout,24664494,100.00,2026-05-10,,,,False,,,,2026-05-12T16:42:07Z,"Chart data for 'Number One' attaches to Pharrell feat. Kanye 2006 release; captured on Late Registration corpus row, not this College Dropout album track."
overnight_celebrity_the_college_dropout,Overnight Celebrity,The College Dropout,,,,,,,False,,,,2026-05-12T16:42:07Z,no_kworb_match;best_kworb_title='Celebration';best_score=60.00
selfish_the_college_dropout,Selfish,The College Dropout,78649107,100.00,2026-05-10,55,,2004-03-16,True,,,225,2026-05-12T16:42:07Z,
talk_about_our_love_the_college_dropout,Talk About Our Love,The College Dropout,12744946,100.00,2026-05-10,,,,False,,,,2026-05-12T16:42:07Z,
this_way_the_college_dropout,This Way,The College Dropout,,,,78,,2004-04-12,True,,,246,2026-05-12T16:42:07Z,no_kworb_match;best_kworb_title='Run This Town';best_score=66.67
anything_late_registration,Anything,Late Registration,,,,,,,False,,,,2026-05-12T16:42:07Z,no_kworb_match;best_kworb_title='everything';best_score=66.67
back_like_that_remix_late_registration,Back Like That (Remix),Late Registration,9332730,100.00,2026-05-10,,,,False,,,,2026-05-12T16:42:07Z,
call_some_hoes_late_registration,Call Some Hoes,Late Registration,,,,,,,False,,,,2026-05-12T16:42:07Z,no_kworb_match;best_kworb_title='Last Call';best_score=61.54
chi_town_late_registration,Chi-Town,Late Registration,,,,,,,False,,,,2026-05-12T16:42:07Z,no_kworb_match;best_kworb_title='Champion';best_score=62.50
crack_music_remix_late_registration,Crack Music (Remix),Late Registration,39304080,100.00,2026-05-10,,,,False,,,,2026-05-12T16:42:07Z,
ghetto_late_registration,Ghetto,Late Registration,,,,,,,False,,,,2026-05-12T16:42:07Z,no_kworb_match;best_kworb_title='Ghost Town';best_score=62.50
go_late_registration,Go!,Late Registration,,,,79,,2005-06-14,True,,,224,2026-05-12T16:42:07Z,no_kworb_match;best_kworb_title='Ego (feat. Kanye West)';best_score=66.67
grown_man_pt_2_late_registration,Grown Man Pt. 2,Late Registration,275903854,100.00,2026-05-10,,,,False,,,,2026-05-12T16:42:07Z,
hold_me_late_registration,Hold Me,Late Registration,,,,,,,False,,,,2026-05-12T16:42:07Z,no_kworb_match;best_kworb_title='Hold My Liquor';best_score=72.73
i_see_now_late_registration,I See Now,Late Registration,1075297,100.00,2026-05-10,,,,False,,,,2026-05-12T16:42:07Z,
make_her_feel_good_remix_late_registration,Make Her Feel Good (Remix),Late Registration,8301427,100.00,2026-05-10,,,,False,,,,2026-05-12T16:42:07Z,
more_late_registration,More,Late Registration,322766068,100.00,2026-05-10,,,,False,,,,2026-05-12T16:42:07Z,
number_one_late_registration,Number One,Late Registration,24664494,100.00,2026-05-10,57,,2006-08-21,True,,,236,2026-05-12T16:42:07Z,
paid_the_price_late_registration,Paid the Price,Late Registration,69333851,100.00,2026-05-10,,,,False,,,,2026-05-12T16:42:07Z,
still_dreaming_late_registration,Still Dreaming,Late Registration,66333109,100.00,2026-05-10,,,,False,,,,2026-05-12T16:42:07Z,
tell_me_when_to_go_remix_late_registration,Tell Me When to Go (Remix),Late Registration,,,,,,,False,,,,2026-05-12T16:42:07Z,no_kworb_match;best_kworb_title='Take Me to the Light';best_score=68.42
they_say_late_registration,They Say,Late Registration,17581384,100.00,2026-05-10,,,,False,,,,2026-05-12T16:42:07Z,
top_this_late_registration,Top This,Late Registration,,,,,,,False,,,,2026-05-12T16:42:07Z,no_kworb_match;best_kworb_title='Run This Town';best_score=66.67
whole_city_behind_us_late_registration,Whole City Behind Us,Late Registration,,,,,,,False,,,,2026-05-12T16:42:07Z,no_kworb_match;best_kworb_title='SKY CITY';best_score=66.67
wouldn_t_get_far_late_registration,Wouldn't Get Far,Late Registration,62597795,100.00,2026-05-10,,,,False,,,,2026-05-12T16:42:07Z,
addiction_late_registration,Addiction,Late Registration,62799980,100.00,2026-05-10,,,,False,Gold,,,2026-05-12T16:42:07Z,
back_to_basics_late_registration,Back to Basics.,Late Registration,,,,,,,False,,,,2026-05-12T16:42:07Z,no_kworb_match;best_kworb_title='BACK TO ME';best_score=82.35
bring_me_down_late_registration,Bring Me Down,Late Registration,35700080,100.00,2026-05-10,,,,False,,,,2026-05-12T16:42:07Z,
celebration_late_registration,Celebration,Late Registration,35983524,100.00,2026-05-10,,,,False,,,,2026-05-12T16:42:07Z,
crack_music_late_registration,Crack Music,Late Registration,39304080,100.00,2026-05-10,,,,False,,,,2026-05-12T16:42:07Z,
diamonds_from_sierra_leone_late_registration,Diamonds from Sierra Leone,Late Registration,98707789,100.00,2026-05-10,43,,2005-04-20,True,Platinum,,238,2026-05-12T16:42:07Z,
diamonds_from_sierra_leone_remix_late_registration,Diamonds from Sierra Leone (Remix),Late Registration,98707789,100.00,2026-05-10,43,,2005-04-20,True,Platinum,,238,2026-05-12T16:42:07Z,
drive_slow_late_registration,Drive Slow,Late Registration,128736706,100.00,2026-05-10,,,,False,Gold,,,2026-05-12T16:42:07Z,
gold_digger_late_registration,Gold Digger,Late Registration,1512027922,100.00,2026-05-10,1,,2005-07-05,True,13x Platinum,,208,2026-05-12T16:42:07Z,
gone_late_registration,Gone,Late Registration,61775730,100.00,2026-05-10,18,,2005-08-30,True,Gold,,332,2026-05-12T16:42:07Z,
heard_em_say_late_registration,Heard 'Em Say,Late Registration,184303794,100.00,2026-05-10,26,,2005-10-24,True,Platinum,,203,2026-05-12T16:42:07Z,
hey_mama_late_registration,Hey Mama,Late Registration,150441847,100.00,2026-05-10,,,,False,Platinum,,,2026-05-12T16:42:07Z,
late_late_registration,Late.,Late Registration,52562064,88.89,2026-05-10,,,,False,,,,2026-05-12T16:42:07Z,
roses_late_registration,Roses,Late Registration,108572899,100.00,2026-05-10,,,,False,Gold,,,2026-05-12T16:42:07Z,
skit_1_late_registration,Skit #1,Late Registration,22545425,100.00,2026-05-10,,,,False,,,,2026-05-12T16:42:07Z,
skit_2_late_registration,Skit #2,Late Registration,21936892,100.00,2026-05-10,,,,False,,,,2026-05-12T16:42:07Z,
skit_3_late_registration,Skit #3,Late Registration,,,,,,,False,,,,2026-05-12T16:42:07Z,no_kworb_match;best_kworb_title='Skit #1 (Kanye West/Late Registration)';best_score=85.71
skit_4_late_registration,Skit #4,Late Registration,12531225,100.00,2026-05-10,,,,False,,,,2026-05-12T16:42:07Z,
touch_the_sky_late_registration,Touch the Sky,Late Registration,545392965,100.00,2026-05-10,42,,2006-02-14,True,2x Platinum,,237,2026-05-12T16:42:07Z,
we_can_make_it_better_late_registration,We Can Make It Better,Late Registration,3092027,100.00,2026-05-10,,,,False,,,,2026-05-12T16:42:07Z,
we_major_late_registration,We Major,Late Registration,98561150,100.00,2026-05-10,,,,False,,,,2026-05-12T16:42:07Z,
impossible_late_registration,Impossible,Late Registration,3752181,100.00,2026-05-10,,,,False,,,,2026-05-12T16:42:07Z,
grammy_family_late_registration,Grammy Family,auto_recovered,4664472,100.00,2026-05-10,,,,False,,,,2026-05-12T16:42:07Z,
barry_bonds_graduation,Barry Bonds,Graduation,88586339,100.00,2026-05-10,,,,False,,,,2026-05-12T16:42:07Z,
because_of_you_remix_graduation,Because of You (Remix),Graduation,23682663,100.00,2026-05-10,,,,False,,,,2026-05-12T16:42:07Z,
bittersweet_poetry_graduation,Bittersweet Poetry,Graduation,,,,,,,False,,,,2026-05-12T16:42:07Z,no_kworb_match;best_kworb_title='Start It Up';best_score=48.28
buy_you_a_drank_remix_graduation,Buy You a Drank (Remix),Graduation,9594701,100.00,2026-05-10,,,,False,,,,2026-05-12T16:42:07Z,Manual confirmation of kworb match below fuzzy threshold; verified by lyric content review.
drunk_and_hot_girls_graduation,Drunk and Hot Girls,Graduation,76075523,100.00,2026-05-10,,,,False,,,,2026-05-12T16:42:07Z,
flashing_lights_graduation,Flashing Lights,Graduation,1747858849,100.00,2026-05-10,29,,2007-11-20,True,9x Platinum,,237,2026-05-12T16:42:07Z,
good_life_graduation,Good Life,Graduation,591290904,100.00,2026-05-10,7,21,2007-10-02,True,6x Platinum,,207,2026-05-12T16:42:07Z,
good_night_graduation,Good Night,Graduation,56932607,100.00,2026-05-10,,,,False,,,,2026-05-12T16:42:07Z,
homecoming_graduation,Homecoming,Graduation,1060857527,100.00,2026-05-10,69,,2008-02-02,True,4x Platinum,,203,2026-05-12T16:42:07Z,
in_the_mood_graduation,In the Mood,Graduation,2886580,100.00,2026-05-10,,,,False,,,,2026-05-12T16:42:07Z,
southside_graduation,Southside,Graduation,2673977,100.00,2026-05-10,,,,False,,,,2026-05-12T16:42:07Z,
stay_up_viagra_graduation,Stay Up! (Viagra),Graduation,18569673,100.00,2026-05-10,,,,False,,,,2026-05-12T16:42:07Z,
big_brother_graduation,Big Brother,Graduation,95065334,100.00,2026-05-10,,,,False,Gold,,,2026-05-12T16:42:07Z,
can_t_tell_me_nothing_graduation,Can't Tell Me Nothing,Graduation,990847846,100.00,2026-05-10,41,,2007-05-15,True,6x Platinum,,271,2026-05-12T16:42:07Z,
good_morning_graduation,Good Morning,Graduation,414252747,100.00,2026-05-10,,,,False,2x Platinum,,,2026-05-12T16:42:07Z,
i_wonder_graduation,I Wonder,Graduation,1149521267,100.00,2026-05-10,,,,False,5x Platinum,,,2026-05-12T16:42:07Z,
stronger_graduation,Stronger,Graduation,1798266249,100.00,2026-05-10,1,27,2007-07-31,True,13x Platinum,,315,2026-05-12T16:42:07Z,
the_glory_graduation,The Glory,Graduation,126029949,100.00,2026-05-10,,,,False,Gold,,,2026-05-12T16:42:07Z,
american_boy_808s_heartbreak,American Boy,808s & Heartbreak,1060659098,100.00,2026-05-10,,,,False,,,,2026-05-12T16:42:07Z,
amazing_808s_heartbreak,Amazing,808s & Heartbreak,193743617,100.00,2026-05-10,81,,2009-03-10,True,2x Platinum,,238,2026-05-12T16:42:07Z,
digital_girl_808s_heartbreak,Digital Girl,808s & Heartbreak,2524720,100.00,2026-05-10,,,,False,,,,2026-05-12T16:42:07Z,
everybody_808s_heartbreak,Everybody,808s & Heartbreak,,,,,,,False,,,,2026-05-12T16:42:07Z,no_kworb_match;best_kworb_title='Every Hour';best_score=63.16
everyone_nose_remix_808s_heartbreak,Everyone Nose (Remix),808s & Heartbreak,6814265,100.00,2026-05-10,,,,False,,,,2026-05-12T16:42:07Z,
finer_things_808s_heartbreak,Finer Things,808s & Heartbreak,9717570,100.00,2026-05-10,,,,False,,,,2026-05-12T16:42:07Z,
go_hard_808s_heartbreak,Go Hard,808s & Heartbreak,3254398,100.00,2026-05-10,69,,2008-09-16,True,,,272,2026-05-12T16:42:07Z,
i_still_love_h_e_r_808s_heartbreak,I Still Love H.E.R.,808s & Heartbreak,,,,,,,False,,,,2026-05-12T16:42:07Z,no_kworb_match;best_kworb_title='I Love It (& Lil Pump)';best_score=80.00
it_s_over_808s_heartbreak,It's Over,808s & Heartbreak,,,,,,,False,,,,2026-05-12T16:42:07Z,no_kworb_match;best_kworb_title='I Love It (& Lil Pump)';best_score=66.67
paranoid_808s_heartbreak,Paranoid,808s & Heartbreak,130150931,100.00,2026-05-10,,,,False,Platinum,,,2026-05-12T16:42:07Z,
punch_drunk_love_808s_heartbreak,Punch Drunk Love,808s & Heartbreak,24007433,100.00,2026-05-10,,,,False,,,,2026-05-12T16:42:07Z,
see_you_in_my_nightmares_808s_heartbreak,See You in My Nightmares,808s & Heartbreak,52158252,100.00,2026-05-10,21,,2008-11-24,True,Gold,,258,2026-05-12T16:42:07Z,
welcome_to_heartbreak_808s_heartbreak,Welcome to Heartbreak,808s & Heartbreak,99605640,100.00,2026-05-10,,,,False,Gold,,,2026-05-12T16:42:07Z,
lollipop_remix_808s_heartbreak,Lollipop (Remix),808s & Heartbreak,6781030,100.00,2026-05-10,,,,False,,,,2026-05-12T16:42:07Z,
put_on_808s_heartbreak,Put On,808s & Heartbreak,320775965,100.00,2026-05-10,,,,False,,,,2026-05-12T16:42:07Z,
swagga_like_us_808s_heartbreak,Swagga Like Us,808s & Heartbreak,58008212,100.00,2026-05-10,,,,False,,,,2026-05-12T16:42:07Z,
coldest_winter_808s_heartbreak,Coldest Winter,808s & Heartbreak,60280167,100.00,2026-05-10,,,,False,Gold,,,2026-05-12T16:42:07Z,
heartless_808s_heartbreak,Heartless,808s & Heartbreak,1989606226,100.00,2026-05-10,2,22,2008-10-28,True,14x Platinum,,211,2026-05-12T16:42:07Z,
love_lockdown_808s_heartbreak,Love Lockdown,808s & Heartbreak,238221769,100.00,2026-05-10,3,,2008-09-18,True,5x Platinum,,270,2026-05-12T16:42:07Z,
pinocchio_story_808s_heartbreak,Pinocchio Story,808s & Heartbreak,22352178,100.00,2026-05-10,,,,False,,,,2026-05-12T16:42:07Z,
robocop_808s_heartbreak,RoboCop,808s & Heartbreak,52472847,100.00,2026-05-10,,,,False,Gold,,,2026-05-12T16:42:07Z,
say_you_will_808s_heartbreak,Say You Will,808s & Heartbreak,56745605,100.00,2026-05-10,,,,False,Gold,,,2026-05-12T16:42:07Z,
street_lights_808s_heartbreak,Street Lights,808s & Heartbreak,101962419,100.00,2026-05-10,,,,False,Gold,,,2026-05-12T16:42:07Z,
american_boy_post_808s_feature_run,American Boy,2008 features,1060659098,100.00,2026-05-10,,,,False,,,,2026-05-12T16:42:07Z,
knock_you_down_post_808s_feature_run,Knock You Down,808s & Heartbreak,463511176,100.00,2026-05-10,,,,False,,,,2026-05-12T16:42:07Z,
mama_s_boyfriend_post_808s_feature_run,Mama's Boyfriend,808s & Heartbreak,,,,,,,False,,,,2026-05-12T16:42:07Z,no_kworb_match;best_kworb_title='MAMAâ\x80\x99S FAVORITE';best_score=70.97
alright_post_808s_feature_run,Alright,808s & Heartbreak,,,,,,,False,,,,2026-05-12T16:42:07Z,no_kworb_match;best_kworb_title='Daylight (ft. Ye)';best_score=80.00
anyone_but_him_post_808s_feature_run,Anyone But Him,808s & Heartbreak,,,,,,,False,,,,2026-05-12T16:42:07Z,no_kworb_match;best_kworb_title='The One';best_score=57.14
ayyy_girl_post_808s_feature_run,Ayyy Girl,808s & Heartbreak,,,,,,,False,,,,2026-05-12T16:42:07Z,no_kworb_match;best_kworb_title='Digital Girl (feat. Kanye West & The-Dream)';best_score=61.54
digital_girl_remix_post_808s_feature_run,Digital Girl (Remix),808s & Heartbreak,2524720,100.00,2026-05-10,,,,False,,,,2026-05-12T16:42:07Z,
ego_remix_post_808s_feature_run,Ego (Remix),808s & Heartbreak,181143058,100.00,2026-05-10,,,,False,,,,2026-05-12T16:42:07Z,
gifted_post_808s_feature_run,Gifted,808s & Heartbreak,4872041,100.00,2026-05-10,,,,False,,,,2026-05-12T16:42:07Z,
hate_post_808s_feature_run,Hate,808s & Heartbreak,10052785,100.00,2026-05-10,,,,False,,,,2026-05-12T16:42:07Z,
maybach_music_2_post_808s_feature_run,Maybach Music 2,808s & Heartbreak,12236385,100.00,2026-05-10,,,,False,,,,2026-05-12T16:42:07Z,
sailing_not_selling_post_808s_feature_run,Sailing NOT Selling,808s & Heartbreak,,,,,,,False,,,,2026-05-12T16:42:07Z,"no_kworb_match;best_kworb_title=""Can't Tell Me Nothing"";best_score=50.00"
the_big_screen_post_808s_feature_run,The Big Screen,808s & Heartbreak,,,,,,,False,,,,2026-05-12T16:42:07Z,no_kworb_match;best_kworb_title='Big Brother';best_score=64.00
whatever_u_want_post_808s_feature_run,Whatever U Want,808s & Heartbreak,667768,100.00,2026-05-10,,,,False,,,,2026-05-12T16:42:07Z,
run_this_town_post_808s_feature_run,Run This Town,808s & Heartbreak,773920149,100.00,2026-05-10,,,,False,,,,2026-05-12T16:42:07Z,
forever_post_808s_feature_run,Forever,808s & Heartbreak,772381229,100.00,2026-05-10,8,,2009-08-27,True,6x Platinum,,357,2026-05-12T16:42:07Z,
make_her_say_post_808s_feature_run,Make Her Say,808s & Heartbreak,114230541,100.00,2026-05-10,,,,False,,,,2026-05-12T16:42:07Z,
alors_on_danse_remix_g_o_o_d_fridays_mbdtf,Alors on Danse (Remix),My Beautiful Dark Twisted Fantasy,97099760,100.00,2026-05-10,,,,False,,,,2026-05-12T16:42:07Z,
blame_game_g_o_o_d_fridays_mbdtf,Blame Game,My Beautiful Dark Twisted Fantasy,109341162,100.00,2026-05-10,,,,False,Gold,,,2026-05-12T16:42:07Z,
blazin_g_o_o_d_fridays_mbdtf,Blazin',My Beautiful Dark Twisted Fantasy,19498917,92.31,2026-05-10,,,,False,,,,2026-05-12T16:42:07Z,
deuces_remix_g_o_o_d_fridays_mbdtf,Deuces (Remix),My Beautiful Dark Twisted Fantasy,19790203,100.00,2026-05-10,,,,False,,,,2026-05-12T16:42:07Z,
devil_in_a_new_dress_g_o_o_d_fridays_mbdtf,Devil in a New Dress,My Beautiful Dark Twisted Fantasy,702663410,100.00,2026-05-10,,,,False,3x Platinum,,,2026-05-12T16:42:07Z,
erase_me_g_o_o_d_fridays_mbdtf,Erase Me,My Beautiful Dark Twisted Fantasy,378904102,100.00,2026-05-10,22,,2010-08-17,True,2x Platinum,,193,2026-05-12T16:42:07Z,
gorgeous_g_o_o_d_fridays_mbdtf,Gorgeous,My Beautiful Dark Twisted Fantasy,288258265,100.00,2026-05-10,,,,False,Platinum,,,2026-05-12T16:42:07Z,
live_fast_die_young_g_o_o_d_fridays_mbdtf,"Live Fast, Die Young",My Beautiful Dark Twisted Fantasy,7350130,100.00,2026-05-10,,,,False,,,,2026-05-12T16:42:07Z,
lost_in_the_world_g_o_o_d_fridays_mbdtf,Lost in the World,My Beautiful Dark Twisted Fantasy,136108763,100.00,2026-05-10,70,,2012-09-14,True,Gold,,231,2026-05-12T16:42:07Z,
power_g_o_o_d_fridays_mbdtf,Power,My Beautiful Dark Twisted Fantasy,1178969310,100.00,2026-05-10,22,,2010-07-01,True,7x Platinum,,292,2026-05-12T16:42:07Z,
runaway_g_o_o_d_fridays_mbdtf,Runaway,My Beautiful Dark Twisted Fantasy,1168671938,100.00,2026-05-10,12,,2010-10-04,True,7x Platinum,,547,2026-05-12T16:42:07Z,
start_it_up_g_o_o_d_fridays_mbdtf,Start It Up,My Beautiful Dark Twisted Fantasy,26513401,100.00,2026-05-10,,,,False,,,,2026-05-12T16:42:07Z,
all_of_the_lights_g_o_o_d_fridays_mbdtf,All of the Lights,My Beautiful Dark Twisted Fantasy,946770670,100.00,2026-05-10,18,,2010-12-13,True,8x Platinum,,260,2026-05-12T16:42:07Z,
dark_fantasy_g_o_o_d_fridays_mbdtf,Dark Fantasy,My Beautiful Dark Twisted Fantasy,284547236,100.00,2026-05-10,60,,2010-11-22,True,Platinum,,281,2026-05-12T16:42:07Z,
hell_of_a_life_g_o_o_d_fridays_mbdtf,Hell of a Life,My Beautiful Dark Twisted Fantasy,139138284,100.00,2026-05-10,,,,False,Gold,,,2026-05-12T16:42:07Z,
monster_g_o_o_d_fridays_mbdtf,Monster,My Beautiful Dark Twisted Fantasy,473464139,100.00,2026-05-10,18,,2010-10-23,True,3x Platinum,,378,2026-05-12T16:42:07Z,
so_appalled_g_o_o_d_fridays_mbdtf,So Appalled,My Beautiful Dark Twisted Fantasy,110707538,100.00,2026-05-10,,,,False,Gold,,,2026-05-12T16:42:07Z,
who_will_survive_in_america_g_o_o_d_fridays_mbdtf,Who Will Survive in America,My Beautiful Dark Twisted Fantasy,41151382,100.00,2026-05-10,,,,False,,,,2026-05-12T16:42:07Z,
e_t_remix_watch_the_throne,E.T. (Remix),Watch the Throne with Jay-Z,329213815,100.00,2026-05-10,1,,2011-02-11,True,8x Platinum,,208,2026-05-12T16:42:07Z,
eyez_closed_watch_the_throne,Eyez Closed,Watch the Throne with Jay-Z,1886086,100.00,2026-05-10,,,,False,,,,2026-05-12T16:42:07Z,
lift_off_watch_the_throne,Lift Off,Watch the Throne with Jay-Z,73690438,100.00,2026-05-10,,,,False,,,,2026-05-12T16:42:07Z,
made_in_america_watch_the_throne,Made in America,Watch the Throne with Jay-Z,43058916,100.00,2026-05-10,,,,False,,,,2026-05-12T16:42:07Z,
marvin_chardonnay_watch_the_throne,Marvin & Chardonnay,Watch the Throne with Jay-Z,56632311,100.00,2026-05-10,,,,False,,,,2026-05-12T16:42:07Z,
no_church_in_the_wild_watch_the_throne,No Church in the Wild,Watch the Throne with Jay-Z,571766318,100.00,2026-05-10,72,,2012-03-20,True,3x Platinum,,272,2026-05-12T16:42:07Z,
same_time_watch_the_throne,Same Time,Watch the Throne with Jay-Z,,,,,,,False,,,,2026-05-12T16:42:07Z,no_kworb_match;best_kworb_title='Primetime';best_score=66.67
sing_a_song_watch_the_throne,Sing a Song,Watch the Throne with Jay-Z,,,,,,,False,,,,2026-05-12T16:42:07Z,no_kworb_match;best_kworb_title='FIRST TIME IN A LONG TIME';best_score=58.06
the_joy_watch_the_throne,The Joy,Watch the Throne with Jay-Z,21136986,100.00,2026-05-10,,,,False,,,,2026-05-12T16:42:07Z,
touch_it_watch_the_throne,Touch It,Watch the Throne with Jay-Z,,,,,,,False,,,,2026-05-12T16:42:07Z,no_kworb_match;best_kworb_title='Touch The Sky';best_score=76.92
why_i_love_you_watch_the_throne,Why I Love You,Watch the Throne with Jay-Z,242068198,100.00,2026-05-10,,,,False,,,,2026-05-12T16:42:07Z,
gotta_have_it_watch_the_throne,Gotta Have It,Watch the Throne with Jay-Z,291071799,100.00,2026-05-10,69,,2011-12-06,True,Platinum,,140,2026-05-12T16:42:07Z,
illest_motherfucker_alive_watch_the_throne,Illest Motherfucker Alive,Watch the Throne with Jay-Z,18375246,95.83,2026-05-10,,,,False,,,,2026-05-12T16:42:07Z,
murder_to_excellence_watch_the_throne,Murder to Excellence,Watch the Throne with Jay-Z,67279595,100.00,2026-05-10,,,,False,,,,2026-05-12T16:42:07Z,
new_day_watch_the_throne,New Day,Watch the Throne with Jay-Z,54200240,100.00,2026-05-10,,,,False,,,,2026-05-12T16:42:07Z,
niggas_in_paris_watch_the_throne,Niggas in Paris,Watch the Throne with Jay-Z,1819935163,92.86,2026-05-10,,,,False,,,,2026-05-12T16:42:07Z,
otis_watch_the_throne,Otis,Watch the Throne with Jay-Z,326132171,100.00,2026-05-10,12,,2011-07-20,True,4x Platinum,,178,2026-05-12T16:42:07Z,
primetime_watch_the_throne,Primetime,Watch the Throne with Jay-Z,29845487,100.00,2026-05-10,,,,False,,,,2026-05-12T16:42:07Z,
that_s_my_bitch_watch_the_throne,That's My Bitch,Watch the Throne with Jay-Z,44177935,100.00,2026-05-10,,,,False,,,,2026-05-12T16:42:07Z,
who_gon_stop_me_watch_the_throne,Who Gon Stop Me,Watch the Throne with Jay-Z,113978142,100.00,2026-05-10,44,,2011-08-08,True,Platinum,,257,2026-05-12T16:42:07Z,
theraflu_cruel_summer_yeezus_build_up,Theraflu/Way Too Cold,Yeezus,22152386,100.00,2026-05-10,,,,False,,,,2026-05-12T16:42:07Z,
amen_cruel_summer_yeezus_build_up,Amen,Yeezus,4522076,100.00,2026-05-10,,,,False,,,,2026-05-12T16:42:07Z,
awesome_cruel_summer_yeezus_build_up,Awesome,Yeezus,,,,,,,False,,,,2026-05-12T16:42:07Z,no_kworb_match;best_kworb_title='Amen';best_score=54.55
i_wish_you_would_cruel_summer_yeezus_build_up,I Wish You Would,Yeezus,28362100,100.00,2026-05-10,78,,2012-06-27,True,Gold,,238,2026-05-12T16:42:07Z,
the_one_cruel_summer_yeezus_build_up,The One,Yeezus,156007237,100.00,2026-05-10,,,,False,,,,2026-05-12T16:42:07Z,"Billboard chart data removed; chart attribution belongs to the ""The One"" Hot 100 listing for Wikipedia release year 2015, not this era's track."
to_the_world_cruel_summer_yeezus_build_up,To the World,Yeezus,16526057,100.00,2026-05-10,70,,2012-09-14,True,Gold,,231,2026-05-12T16:42:07Z,
birthday_song_cruel_summer_yeezus_build_up,Birthday Song,Yeezus,89580010,100.00,2026-05-10,47,,2012-07-24,True,2x Platinum,,306,2026-05-12T16:42:07Z,
bliss_cruel_summer_yeezus_build_up,Bliss,Yeezus,,,,,,,False,,,,2026-05-12T16:42:07Z,no_kworb_match;best_kworb_title='Blazin';best_score=54.55
clique_cruel_summer_yeezus_build_up,Clique,Yeezus,361322002,100.00,2026-05-10,12,,2012-09-07,True,4x Platinum,,293,2026-05-12T16:42:07Z,
cold_cruel_summer_yeezus_build_up,Cold,Yeezus,22152386,100.00,2026-05-10,86,,2012-04-17,True,Gold,,219,2026-05-12T16:42:07Z,
creepers_cruel_summer_yeezus_build_up,Creepers,Yeezus,,,,,,,False,,,,2026-05-12T16:42:07Z,no_kworb_match;best_kworb_title='Forever';best_score=53.33
i_don_t_like_remix_cruel_summer_yeezus_build_up,I Don't Like (Remix),Yeezus,289690852,100.00,2026-05-10,,,,False,,,,2026-05-12T16:42:07Z,Manual confirmation of kworb match below fuzzy threshold; verified by lyric content review.
mercy_cruel_summer_yeezus_build_up,Mercy,Yeezus,472619754,100.00,2026-05-10,13,,2012-04-10,True,8x Platinum,,333,2026-05-12T16:42:07Z,
sin_city_cruel_summer_yeezus_build_up,Sin City,Yeezus,,,,,,,False,,,,2026-05-12T16:42:07Z,no_kworb_match;best_kworb_title='SKY CITY';best_score=75.00
the_morning_cruel_summer_yeezus_build_up,The Morning,Yeezus,,,,,,,False,,,,2026-05-12T16:42:07Z,no_kworb_match;best_kworb_title='Good Morning';best_score=77.78
way_too_cold_cruel_summer_yeezus_build_up,Way Too Cold,Yeezus,22152386,100.00,2026-05-10,,,,False,,,,2026-05-12T16:42:07Z,
white_dress_cruel_summer_yeezus_build_up,White Dress,Yeezus,,,,,,,False,,,,2026-05-12T16:42:07Z,no_kworb_match;best_kworb_title='WHITE LINES (feat. Andre Troutman)';best_score=72.73
facts_yeezus,')] Facts,Yeezus,105859138,100.00,2026-05-10,,,,False,,,,2026-05-12T16:42:07Z,
after_you_yeezus,After You,Yeezus,,,,,,,False,,,,2026-05-12T16:42:07Z,no_kworb_match;best_kworb_title='All Your Fault';best_score=60.87
black_skinhead_yeezus,Black Skinhead,Yeezus,711847149,100.00,2026-05-10,69,,2013-06-19,True,3x Platinum,,188,2026-05-12T16:42:07Z,
blood_on_the_leaves_yeezus,Blood on the Leaves,Yeezus,226106658,100.00,2026-05-10,89,,2013-06-18,True,Platinum,,360,2026-05-12T16:42:07Z,
fml_yeezus,FML,Yeezus,249611270,100.00,2026-05-10,,,,False,,,,2026-05-12T16:42:07Z,"Billboard chart data removed; chart attribution belongs to the ""FML"" Hot 100 listing for Wikipedia release year 2016, not this era's track."
on_sight_yeezus,On Sight,Yeezus,240932518,100.00,2026-05-10,,,,False,Gold,,,2026-05-12T16:42:07Z,
piss_on_your_grave_yeezus,Piss On Your Grave,Yeezus,57444444,100.00,2026-05-10,,,,False,,,,2026-05-12T16:42:07Z,
bound_2_yeezus,Bound 2,Yeezus,1354336083,100.00,2026-05-10,12,,2013-08-28,True,6x Platinum,,229,2026-05-12T16:42:07Z,
can_t_stop_yeezus,Can't Stop,Yeezus,24859866,100.00,2026-05-10,,,,False,,,,2026-05-12T16:42:07Z,
drunk_in_love_remix_yeezus,Drunk in Love (Remix),Yeezus,152962576,100.00,2026-05-10,,,,False,,,,2026-05-12T16:42:07Z,
guilt_trip_yeezus,Guilt Trip,Yeezus,67318681,100.00,2026-05-10,,,,False,,,,2026-05-12T16:42:07Z,
hold_my_liquor_yeezus,Hold My Liquor,Yeezus,157949964,100.00,2026-05-10,,,,False,Gold,,,2026-05-12T16:42:07Z,
i_am_a_god_yeezus,I Am a God,Yeezus,94426761,100.00,2026-05-10,,,,False,Gold,,,2026-05-12T16:42:07Z,
i_won_yeezus,I Won,Yeezus,99930679,100.00,2026-05-10,,,,False,,,,2026-05-12T16:42:07Z,
i_m_in_it_yeezus,I'm In It,Yeezus,76056681,100.00,2026-05-10,,,,False,Gold,,,2026-05-12T16:42:07Z,
jukebox_joints_yeezus,Jukebox Joints,Yeezus,312543732,100.00,2026-05-10,,,,False,,,,2026-05-12T16:42:07Z,
m_p_a_yeezus,M.P.A.,Yeezus,23264726,100.00,2026-05-10,,,,False,,,,2026-05-12T16:42:07Z,
mula_yeezus,Mula,Yeezus,8550840,100.00,2026-05-10,,,,False,,,,2026-05-12T16:42:07Z,
new_slaves_yeezus,New Slaves,Yeezus,176844011,100.00,2026-05-10,56,,2013-06-18,True,Platinum,,256,2026-05-12T16:42:07Z,
one_man_can_change_the_world_yeezus,One Man Can Change the World,Yeezus,156007237,100.00,2026-05-10,,,,False,,,,2026-05-12T16:42:07Z,
sanctified_yeezus,Sanctified,Yeezus,42742229,100.00,2026-05-10,,,,False,,,,2026-05-12T16:42:07Z,"Chart data for 'Sanctified' attaches to Rick Ross feat. Kanye 2014 release; captured on Life of Pablo corpus row, not this Yeezus session track."
send_it_up_yeezus,Send It Up,Yeezus,76518735,100.00,2026-05-10,,,,False,,,,2026-05-12T16:42:07Z,
thank_you_yeezus,Thank You,Yeezus,29590748,100.00,2026-05-10,,,,False,,,,2026-05-12T16:42:07Z,
u_mad_yeezus,U Mad,Yeezus,91920095,100.00,2026-05-10,,,,False,,,,2026-05-12T16:42:07Z,
sanctified_the_life_of_pablo,Sanctified,The Life of Pablo,42742229,100.00,2026-05-10,78,,2014-03-03,True,,,289,2026-05-12T16:42:07Z,
only_one_the_life_of_pablo,Only One,The Life of Pablo,118590430,100.00,2026-05-10,35,,2014-12-31,True,Platinum,,282,2026-05-12T16:42:07Z,
fourfiveseconds_the_life_of_pablo,FourFiveSeconds,The Life of Pablo,1358134199,100.00,2026-05-10,4,,2015-01-24,True,3x Platinum,,188,2026-05-12T16:42:07Z,
all_day_the_life_of_pablo,All Day,The Life of Pablo,181310920,100.00,2026-05-10,15,,2015-03-03,True,Platinum,,310,2026-05-12T16:42:07Z,
30_hours_the_life_of_pablo,30 Hours,The Life of Pablo,145410525,100.00,2026-05-10,,,,False,Platinum,,,2026-05-12T16:42:07Z,
facts_charlie_heat_version_the_life_of_pablo,Facts (Charlie Heat Version),The Life of Pablo,105859138,100.00,2026-05-10,,,,False,Gold,,,2026-05-12T16:42:07Z,
feedback_the_life_of_pablo,Feedback,The Life of Pablo,138190327,100.00,2026-05-10,99,,2016-02-14,True,Platinum,,147,2026-05-12T16:42:07Z,
i_love_kanye_the_life_of_pablo,I Love Kanye,The Life of Pablo,138216043,100.00,2026-05-10,,,,False,Gold,,,2026-05-12T16:42:07Z,
low_lights_the_life_of_pablo,Low Lights,The Life of Pablo,73631832,100.00,2026-05-10,,,,False,Gold,,,2026-05-12T16:42:07Z,
no_more_parties_in_la_the_life_of_pablo,No More Parties in LA,The Life of Pablo,322766068,100.00,2026-05-10,,,,False,Platinum,,,2026-05-12T16:42:07Z,
all_we_got_the_life_of_pablo,All We Got,The Life of Pablo,181806094,100.00,2026-05-10,,,,False,,,,2026-05-12T16:42:07Z,
castro_the_life_of_pablo,Castro,The Life of Pablo,42972111,100.00,2026-05-10,,,,False,,,,2026-05-12T16:42:07Z,
fade_the_life_of_pablo,Fade,The Life of Pablo,273500236,100.00,2026-05-10,,,,False,,,,2026-05-12T16:42:07Z,
famous_the_life_of_pablo,Famous,The Life of Pablo,698790598,100.00,2026-05-10,,,,False,,,,2026-05-12T16:42:07Z,
father_stretch_my_hands_pt_1_the_life_of_pablo,Father Stretch My Hands Pt. 1,The Life of Pablo,1477281732,100.00,2026-05-10,,,,False,,,,2026-05-12T16:42:07Z,
freestyle_4_the_life_of_pablo,Freestyle 4,The Life of Pablo,91140498,100.00,2026-05-10,,,,False,,,,2026-05-12T16:42:07Z,
highlights_the_life_of_pablo,Highlights,The Life of Pablo,118137794,100.00,2026-05-10,,,,False,Platinum,,,2026-05-12T16:42:07Z,
pt_2_the_life_of_pablo,Pt. 2,The Life of Pablo,275903854,100.00,2026-05-10,,,,False,,,,2026-05-12T16:42:07Z,
pussy_print_the_life_of_pablo,Pussy Print,The Life of Pablo,40936304,100.00,2026-05-10,,,,False,,,,2026-05-12T16:42:07Z,
real_friends_the_life_of_pablo,Real Friends,The Life of Pablo,235563485,100.00,2026-05-10,,,,False,,,,2026-05-12T16:42:07Z,
saint_pablo_the_life_of_pablo,Saint Pablo,The Life of Pablo,261435104,100.00,2026-05-10,,,,False,,,,2026-05-12T16:42:07Z,
that_part_the_life_of_pablo,THat Part,The Life of Pablo,243119543,100.00,2026-05-10,,,,False,,,,2026-05-12T16:42:07Z,
tiimmy_turner_remix_the_life_of_pablo,Tiimmy Turner (Remix),The Life of Pablo,59024824,100.00,2026-05-10,,,,False,,,,2026-05-12T16:42:07Z,
ultralight_beam_the_life_of_pablo,Ultralight Beam,The Life of Pablo,400890846,100.00,2026-05-10,,,,False,,,,2026-05-12T16:42:07Z,
waves_the_life_of_pablo,Waves,The Life of Pablo,523736250,100.00,2026-05-10,,,,False,,,,2026-05-12T16:42:07Z,
wolves_the_life_of_pablo,Wolves,The Life of Pablo,318329714,100.00,2026-05-10,,,,False,,,,2026-05-12T16:42:07Z,
ye_vs_the_people_the_life_of_pablo,Ye vs. the People,The Life of Pablo,21182400,100.00,2026-05-10,85,,2018-04-30,True,,,202,2026-05-12T16:42:07Z,
dat_side_quiet_year,Dat Side,Quiet year,,,,,,,False,,,,2026-05-12T16:42:07Z,no_kworb_match;best_kworb_title='Side 2 Side (feat. Kayne West & Project Pat)';best_score=80.00
feel_me_quiet_year,Feel Me,Quiet year,6067287,100.00,2026-05-10,,,,False,,,,2026-05-12T16:42:07Z,
glow_quiet_year,Glow,Quiet year,88468697,100.00,2026-05-10,54,,2017-06-06,True,,,206,2026-05-12T16:42:07Z,
love_yourself_quiet_year,Love Yourself,Quiet year,6727446,100.00,2026-05-10,,,,False,,,,2026-05-12T16:42:07Z,
brothers_wyoming_sessions_ye_ksg,Brothers,Wyoming Sessions (ye / KSG),17875824,100.00,2026-05-10,,,,False,,,,2026-05-12T16:42:07Z,"Billboard chart data removed; chart attribution belongs to the ""Brothers"" Hot 100 listing for Wikipedia release year 2026, not this era's track."
everything_wyoming_sessions_ye_ksg,Everything,Wyoming Sessions (ye / KSG),360693631,100.00,2026-05-10,33,,2019-10-25,True,Gold,,116,2026-05-12T16:42:07Z,
i_thought_about_killing_you_wyoming_sessions_ye_ksg,I Thought About Killing You,Wyoming Sessions (ye / KSG),123949856,100.00,2026-05-10,28,,2018-06-01,True,Gold,,274,2026-05-12T16:42:07Z,
lift_yourself_wyoming_sessions_ye_ksg,Lift Yourself,Wyoming Sessions (ye / KSG),105525371,100.00,2026-05-10,,,,False,Platinum,,,2026-05-12T16:42:07Z,
no_mistakes_wyoming_sessions_ye_ksg,No Mistakes,Wyoming Sessions (ye / KSG),131438714,100.00,2026-05-10,36,,2018-06-01,True,Gold,,123,2026-05-12T16:42:07Z,
the_storm_xxx_wyoming_sessions_ye_ksg,The Storm/XXX,Wyoming Sessions (ye / KSG),,,,,,,False,,,,2026-05-12T16:42:07Z,no_kworb_match;best_kworb_title='The Joy';best_score=60.00
violent_crimes_wyoming_sessions_ye_ksg,Violent Crimes,Wyoming Sessions (ye / KSG),942353412,100.00,2026-05-10,27,,2018-06-01,True,4x Platinum,,215,2026-05-12T16:42:07Z,
we_got_love_wyoming_sessions_ye_ksg,We Got Love,Wyoming Sessions (ye / KSG),,,,,,,False,,,,2026-05-12T16:42:07Z,no_kworb_match;best_kworb_title='We Fight/We Love - Remix';best_score=77.78
xtcy_wyoming_sessions_ye_ksg,XTCY,Wyoming Sessions (ye / KSG),16026300,100.00,2026-05-10,,,,False,,,,2026-05-12T16:42:07Z,
yikes_wyoming_sessions_ye_ksg,Yikes,Wyoming Sessions (ye / KSG),252095551,100.00,2026-05-10,8,,2018-06-08,True,Platinum,,188,2026-05-12T16:42:07Z,
4th_dimension_wyoming_sessions_ye_ksg,4th Dimension,Wyoming Sessions (ye / KSG),,,,42,,2018-06-08,True,Platinum,,153,2026-05-12T16:42:07Z,no_kworb_match;best_kworb_title='Tell The Vision (feat. Kanye West & Pusha T)';best_score=57.14
cudi_montage_wyoming_sessions_ye_ksg,Cudi Montage,Wyoming Sessions (ye / KSG),,,,,,,False,,,,2026-05-12T16:42:07Z,no_kworb_match;best_kworb_title='Monster';best_score=52.63
fire_wyoming_sessions_ye_ksg,Fire,Wyoming Sessions (ye / KSG),,,,67,,2018-06-08,True,Gold,,141,2026-05-12T16:42:07Z,no_kworb_match;best_kworb_title='FRIED';best_score=66.67
reborn_wyoming_sessions_ye_ksg,Reborn,Wyoming Sessions (ye / KSG),,,,39,,2018-06-08,True,2x Platinum,,324,2026-05-12T16:42:07Z,no_kworb_match;best_kworb_title='BURN';best_score=60.00
feel_the_love_wyoming_sessions_ye_ksg,Feel the Love,Wyoming Sessions (ye / KSG),,,,,,,False,,,,2026-05-12T16:42:07Z,no_kworb_match;best_kworb_title='ALL THE LOVE (feat. Andre Troutman)';best_score=80.00
freeee_ghost_town_pt_2_wyoming_sessions_ye_ksg,Freeee (Ghost Town Pt. 2),Wyoming Sessions (ye / KSG),,,,,,,False,,,,2026-05-12T16:42:07Z,no_kworb_match;best_kworb_title='Forever';best_score=61.54
ghost_town_wyoming_sessions_ye_ksg,Ghost Town,Wyoming Sessions (ye / KSG),772232262,100.00,2026-05-10,,,,False,,,,2026-05-12T16:42:07Z,
kanga_wyoming_sessions_ye_ksg,KANGA,Wyoming Sessions (ye / KSG),57740381,100.00,2026-05-10,,,,False,,,,2026-05-12T16:42:07Z,
kids_see_ghosts_wyoming_sessions_ye_ksg,Kids See Ghosts,Wyoming Sessions (ye / KSG),,,,73,,2018-06-08,True,Gold,,245,2026-05-12T16:42:07Z,no_kworb_match;best_kworb_title='Use This Gospel';best_score=60.00
law_of_attraction_wyoming_sessions_ye_ksg,Law of Attraction,Wyoming Sessions (ye / KSG),,,,,,,False,,,,2026-05-12T16:42:07Z,no_kworb_match;best_kworb_title='Dreamin Of The Past (feat. Kanye West)';best_score=50.00
new_body_wyoming_sessions_ye_ksg,New Body,Wyoming Sessions (ye / KSG),,,,,,,False,,,,2026-05-12T16:42:07Z,no_kworb_match;best_kworb_title='New Day';best_score=80.00
one_minute_wyoming_sessions_ye_ksg,One Minute,Wyoming Sessions (ye / KSG),81588447,100.00,2026-05-10,62,,2018-12-07,True,,,197,2026-05-12T16:42:07Z,
watch_wyoming_sessions_ye_ksg,Watch,Wyoming Sessions (ye / KSG),225656499,100.00,2026-05-10,16,,2018-05-04,True,Platinum,,217,2026-05-12T16:42:07Z,
wouldn_t_leave_wyoming_sessions_ye_ksg,Wouldn't Leave,Wyoming Sessions (ye / KSG),135468540,100.00,2026-05-10,,,,False,,,,2026-05-12T16:42:07Z,
i_love_it_wyoming_sessions_ye_ksg,I Love It,Wyoming Sessions (ye / KSG),770844421,100.00,2026-05-10,6,,2018-09-07,True,2x Platinum,,128,2026-05-12T16:42:07Z,
everything_we_need_jesus_is_king,Everything We Need,Jesus Is King,96803896,100.00,2026-05-10,,,,False,,,,2026-05-12T16:42:07Z,
hands_on_jesus_is_king,Hands On,Jesus Is King,61002997,100.00,2026-05-10,60,,2019-10-25,True,,,203,2026-05-12T16:42:07Z,
use_this_gospel_jesus_is_king,Use This Gospel,Jesus Is King,105618886,100.00,2026-05-10,,,,False,,,,2026-05-12T16:42:07Z,
water_jesus_is_king,Water,Jesus Is King,64329013,100.00,2026-05-10,,,,False,,,,2026-05-12T16:42:07Z,
closed_on_sunday_jesus_is_king,Closed on Sunday,Jesus Is King,136063993,100.00,2026-05-10,17,,2019-11-28,True,Gold,,152,2026-05-12T16:42:07Z,
every_hour_jesus_is_king,Every Hour,Jesus Is King,65458227,100.00,2026-05-10,,,,False,,,,2026-05-12T16:42:07Z,
follow_god_jesus_is_king,Follow God,Jesus Is King,530558303,100.00,2026-05-10,7,,2019-11-08,True,2x Platinum,,105,2026-05-12T16:42:07Z,
glory_jesus_is_king,Glory,Jesus Is King,126029949,100.00,2026-05-10,,,,False,,,,2026-05-12T16:42:07Z,
god_is_jesus_is_king,God Is,Jesus Is King,268092092,100.00,2026-05-10,36,,2019-10-25,True,Platinum,,203,2026-05-12T16:42:07Z,
jesus_is_lord_jesus_is_king,Jesus Is Lord,Jesus Is King,57338635,100.00,2026-05-10,63,,2019-10-25,True,,,49,2026-05-12T16:42:07Z,
nah_nah_nah_jesus_is_king,Nah Nah Nah,Jesus Is King,,,,,,,False,,,,2026-05-12T16:42:07Z,no_kworb_match;best_kworb_title='Jonah';best_score=75.00
selah_jesus_is_king,Selah,Jesus Is King,112334807,100.00,2026-05-10,19,,2019-10-25,True,Gold,,165,2026-05-12T16:42:07Z,
go2damoon_donda,Go2DaMoon,2020,151326963,100.00,2026-05-10,,,,False,,,,2026-05-12T16:42:07Z,
donda_donda,Donda,Donda,41422617,100.00,2026-05-10,,,,False,,,,2026-05-12T16:42:07Z,
god_breathed_donda,God Breathed,Donda,57197817,100.00,2026-05-10,,,,False,,,,2026-05-12T16:42:07Z,
hurricane_donda,Hurricane,Donda,477954706,100.00,2026-05-10,,,,False,,,,2026-05-12T16:42:07Z,
jail_donda,Jail,Donda,156136296,100.00,2026-05-10,10,,2021-08-29,True,Gold,,297,2026-05-12T16:42:07Z,
jail_pt_2_donda,Jail Pt. 2,Donda,275903854,100.00,2026-05-10,,,,False,,,,2026-05-12T16:42:07Z,
jesus_lord_donda,Jesus Lord,Donda,57338635,100.00,2026-05-10,26,,2021-08-29,True,,,,2026-05-12T16:42:07Z,
jesus_lord_pt_2_donda,Jesus Lord Pt. 2,Donda,275903854,100.00,2026-05-10,,,,False,,,,2026-05-12T16:42:07Z,
jonah_donda,Jonah,Donda,80088369,100.00,2026-05-10,,,,False,,,,2026-05-12T16:42:07Z,
junya_donda,Junya,Donda,69314199,100.00,2026-05-10,16,,2021-08-29,True,,,148,2026-05-12T16:42:07Z,
junya_pt_2_donda,Junya Pt. 2,Donda,275903854,100.00,2026-05-10,,,,False,,,,2026-05-12T16:42:07Z,
keep_my_spirit_alive_pt_2_donda,Keep My Spirit Alive Pt. 2,Donda,275903854,100.00,2026-05-10,,,,False,,,,2026-05-12T16:42:07Z,
life_of_the_party_donda,Life of the Party,Donda,91032891,100.00,2026-05-10,,,,False,Gold,,,2026-05-12T16:42:07Z,
no_child_left_behind_donda,No Child Left Behind,Donda,124992272,100.00,2026-05-10,53,,2021-08-29,True,Gold,,178,2026-05-12T16:42:07Z,
off_the_grid_donda,Off the Grid,Donda,325692326,100.00,2026-05-10,11,,2021-11-14,True,Platinum,,339,2026-05-12T16:42:07Z,
ok_ok_donda,Ok Ok,Donda,66162660,100.00,2026-05-10,12,,2021-08-29,True,,,205,2026-05-12T16:42:07Z,
ok_ok_pt_2_donda,Ok Ok Pt. 2,Donda,275903854,100.00,2026-05-10,,,,False,,,,2026-05-12T16:42:07Z,
praise_god_donda,Praise God,Donda,566704256,100.00,2026-05-10,20,,2021-08-29,True,2x Platinum,,226,2026-05-12T16:42:07Z,
pure_souls_donda,Pure Souls,Donda,107774005,100.00,2026-05-10,,,,False,,,,2026-05-12T16:42:07Z,
remote_control_donda,Remote Control,Donda,76974482,100.00,2026-05-10,,,,False,,,,2026-05-12T16:42:07Z,
remote_control_pt_2_donda,Remote Control Pt. 2,Donda,275903854,100.00,2026-05-10,,,,False,,,,2026-05-12T16:42:07Z,
24_donda,24,Donda,93178519,100.00,2026-05-10,43,,2021-08-29,True,Gold,,197,2026-05-12T16:42:07Z,
believe_what_i_say_donda,Believe What I Say,Donda,154156820,100.00,2026-05-10,28,,2021-11-30,True,Gold,,242,2026-05-12T16:42:07Z,
come_to_life_donda,Come to Life,Donda,83420988,100.00,2026-05-10,77,,2021-08-29,True,,,310,2026-05-12T16:42:07Z,
donda_chant_donda,Donda Chant,Donda,41422617,100.00,2026-05-10,58,,,True,,,,2026-05-12T16:42:07Z,
heaven_and_hell_donda,Heaven and Hell,Donda,107406297,100.00,2026-05-10,42,,,True,Gold,,,2026-05-12T16:42:07Z,
lord_i_need_you_donda,Lord I Need You,Donda,64810500,100.00,2026-05-10,70,,2021-08-29,True,,,162,2026-05-12T16:42:07Z,
moon_donda,Moon,Donda,385835839,100.00,2026-05-10,17,,2021-08-29,True,Platinum,,156,2026-05-12T16:42:07Z,
new_again_donda,New Again,Donda,73994207,100.00,2026-05-10,68,,2021-08-29,True,,,183,2026-05-12T16:42:07Z,
tell_the_vision_donda,Tell the Vision,Donda,112036550,100.00,2026-05-10,49,,2021-07-16,True,,,215,2026-05-12T16:42:07Z,
never_abandon_your_family_donda,Never Abandon Your Family,Donda,9193835,100.00,2026-05-10,,,,False,,,,2026-05-12T16:42:07Z,
up_from_the_ashes_donda,Up From the Ashes,Donda,11897320,100.00,2026-05-10,,,,False,,,,2026-05-12T16:42:07Z,
city_of_gods_donda_2,City of Gods,Donda,139063112,100.00,2026-05-10,46,,2022-02-11,True,Gold,,256,2026-05-12T16:42:07Z,
flowers_donda_2,Flowers,Donda,10001369,100.00,2026-05-10,,,,False,,,,2026-05-12T16:42:07Z,
get_lost_donda_2,Get Lost,Donda,6155912,100.00,2026-05-10,,,,False,,,,2026-05-12T16:42:07Z,
happy_donda_2,Happy,Donda,,,,,,,False,,,,2026-05-12T16:42:07Z,no_kworb_match;best_kworb_title='Therapy (feat. Kanye West)';best_score=66.67
life_donda_2,Life,Donda,591290904,100.00,2026-05-10,77,,2021-08-29,True,Gold,,310,2026-05-12T16:42:07Z,
link_up_donda_2,Link Up,Donda,,,,,,,False,,,,2026-05-12T16:42:07Z,no_kworb_match;best_kworb_title='Send It Up';best_score=58.82
my_life_was_never_eazy_donda_2,My Life Was Never Eazy,Donda,117044196,100.00,2026-05-10,,,,False,,,,2026-05-12T16:42:07Z,
possessions_donda_2,Possessions,Donda,,,,,,,False,,,,2026-05-12T16:42:07Z,no_kworb_match;best_kworb_title='Champions';best_score=50.00
rock_n_roll_donda_2,Rock N Roll,Donda,34882463,100.00,2026-05-10,78,,,True,,,,2026-05-12T16:42:07Z,
sci_fi_donda_2,Sci Fi,Donda,,,,,,,False,,,,2026-05-12T16:42:07Z,no_kworb_match;best_kworb_title='SCIFI';best_score=54.55
security_donda_2,Security,Donda,3482754,100.00,2026-05-10,,,,False,,,,2026-05-12T16:42:07Z,
too_easy_donda_2,Too Easy,Donda,7475386,100.00,2026-05-10,,,,False,,,,2026-05-12T16:42:07Z,
we_made_it_donda_2,We Made It,Donda,,,,,,,False,,,,2026-05-12T16:42:07Z,no_kworb_match;best_kworb_title='We Can Make It Better';best_score=66.67
broken_road_donda_2,Broken Road,Donda,13096638,100.00,2026-05-10,,,,False,,,,2026-05-12T16:42:07Z,
daylight_donda_2,Daylight,Donda,6872889,100.00,2026-05-10,,,,False,,,,2026-05-12T16:42:07Z,
first_time_in_a_long_time_donda_2,First Time in a Long Time,Donda,5446537,100.00,2026-05-10,,,,False,,,,2026-05-12T16:42:07Z,
fortunate_donda_2,Fortunate,Donda,3463323,100.00,2026-05-10,,,,False,,,,2026-05-12T16:42:07Z,
louie_bags_donda_2,Louie Bags,Donda,3153237,100.00,2026-05-10,,,,False,,,,2026-05-12T16:42:07Z,
mr_miyagi_donda_2,Mr. Miyagi,Donda,,,,,,,False,,,,2026-05-12T16:42:07Z,no_kworb_match;best_kworb_title='Made In America';best_score=48.00
pablo_donda_2,Pablo,Donda,261435104,100.00,2026-05-10,,,,False,,,,2026-05-12T16:42:07Z,
selfish_donda_2,Selfish,Donda,78649107,100.00,2026-05-10,,,,False,,,,2026-05-12T16:42:07Z,
true_love_donda_2,True Love,Donda,411951670,100.00,2026-05-10,22,,2022-05-27,True,,,148,2026-05-12T16:42:07Z,
we_did_it_kid_donda_2,We Did It Kid,Donda,,,,,,,False,,,,2026-05-12T16:42:07Z,no_kworb_match;best_kworb_title='DO IT';best_score=57.14
back_to_me_vultures_1_vultures_2,BACK TO ME,Vultures 1 — ¥$ with Ty Dolla $ign,131097325,100.00,2026-05-10,26,,2024-02-10,True,,,295,2026-05-12T16:42:07Z,
burn_vultures_1_vultures_2,Burn,Vultures 1 — ¥$ with Ty Dolla $ign,282317997,100.00,2026-05-10,33,,,True,,,,2026-05-12T16:42:07Z,
carnival_vultures_1_vultures_2,Carnival,Vultures 1 — ¥$ with Ty Dolla $ign,900925203,100.00,2026-05-10,1,,2024-02-15,True,2x Platinum,,264,2026-05-12T16:42:07Z,
forever_vultures_1_vultures_2,FOREVER,Vultures 1 — ¥$ with Ty Dolla $ign,772381229,100.00,2026-05-10,,,,False,,,,2026-05-12T16:42:07Z,"Billboard chart data removed; chart attribution belongs to the ""FOREVER"" Hot 100 listing for Wikipedia release year 2009, not this era's track."
good_don_t_die_vultures_1_vultures_2,Good (Don't Die),Vultures 1 — ¥$ with Ty Dolla $ign,591290904,100.00,2026-05-10,93,,2024-02-10,True,,,199,2026-05-12T16:42:07Z,
keys_to_my_life_vultures_1_vultures_2,Keys to My Life,Vultures 1 — ¥$ with Ty Dolla $ign,48460083,100.00,2026-05-10,55,,,True,,,,2026-05-12T16:42:07Z,
king_vultures_1_vultures_2,King,Vultures 1 — ¥$ with Ty Dolla $ign,35516246,100.00,2026-05-10,94,,,True,,,,2026-05-12T16:42:07Z,
paid_vultures_1_vultures_2,Paid,Vultures 1 — ¥$ with Ty Dolla $ign,69333851,100.00,2026-05-10,53,,,True,,,,2026-05-12T16:42:07Z,
problematic_vultures_1_vultures_2,Problematic,Vultures 1 — ¥$ with Ty Dolla $ign,54274993,100.00,2026-05-10,79,,,True,,,,2026-05-12T16:42:07Z,
stars_vultures_1_vultures_2,Stars,Vultures 1 — ¥$ with Ty Dolla $ign,96094138,100.00,2026-05-10,39,,2024-02-10,True,,,115,2026-05-12T16:42:07Z,
talking_vultures_1_vultures_2,Talking,Vultures 1 — ¥$ with Ty Dolla $ign,74637055,100.00,2026-05-10,30,,2024-02-08,True,,,186,2026-05-12T16:42:07Z,
vultures_vultures_1_vultures_2,Vultures,auto_recovered,70432250,100.00,2026-05-10,34,,2023-11-22,True,,,277,2026-05-12T16:42:07Z,
beg_forgiveness_vultures_1_vultures_2,BEG FORGIVENESS,Vultures 1 — ¥$ with Ty Dolla $ign,55019078,100.00,2026-05-10,,,,False,,,,2026-05-12T16:42:07Z,
dead_vultures_1_vultures_2,DEAD,Vultures 1 — ¥$ with Ty Dolla $ign,31141148,100.00,2026-05-10,,,,False,,,,2026-05-12T16:42:07Z,
do_it_vultures_1_vultures_2,DO IT,Vultures 1 — ¥$ with Ty Dolla $ign,106827508,100.00,2026-05-10,,,,False,,,,2026-05-12T16:42:07Z,
field_trip_vultures_1_vultures_2,FIELD TRIP,Vultures 1 — ¥$ with Ty Dolla $ign,229372410,100.00,2026-05-10,,,,False,,,,2026-05-12T16:42:07Z,
forever_rolling_vultures_1_vultures_2,FOREVER ROLLING,Vultures 1 — ¥$ with Ty Dolla $ign,772381229,100.00,2026-05-10,,,,False,,,,2026-05-12T16:42:07Z,
fuk_sumn_vultures_1_vultures_2,FUK SUMN,Vultures 1 — ¥$ with Ty Dolla $ign,233907584,100.00,2026-05-10,,,,False,,,,2026-05-12T16:42:07Z,
gun_to_my_head_vultures_1_vultures_2,Gun to My Head,Vultures 1 — ¥$ with Ty Dolla $ign,,,,,,,False,,,,2026-05-12T16:42:07Z,no_kworb_match;best_kworb_title='Welcome To The Jungle';best_score=57.14
hoodrat_vultures_1_vultures_2,HOODRAT,Vultures 1 — ¥$ with Ty Dolla $ign,38876925,100.00,2026-05-10,,,,False,,,,2026-05-12T16:42:07Z,
lifestyle_vultures_1_vultures_2,LIFESTYLE,Vultures 1 — ¥$ with Ty Dolla $ign,9483434,100.00,2026-05-10,,,,False,,,,2026-05-12T16:42:07Z,
my_soul_vultures_1_vultures_2,MY SOUL,Vultures 1 — ¥$ with Ty Dolla $ign,4656055,100.00,2026-05-10,,,,False,,,,2026-05-12T16:42:07Z,
no_apologies_vultures_1_vultures_2,No Apologies,Vultures 1 — ¥$ with Ty Dolla $ign,8982977,100.00,2026-05-10,,,,False,,,,2026-05-12T16:42:07Z,
no_bad_news_vultures_1_vultures_2,No Bad News,Vultures 1 — ¥$ with Ty Dolla $ign,46025174,100.00,2026-05-10,,,,False,,,,2026-05-12T16:42:07Z,
no_face_vultures_1_vultures_2,No Face,Vultures 1 — ¥$ with Ty Dolla $ign,17407178,100.00,2026-05-10,,,,False,,,,2026-05-12T16:42:07Z,
paperwork_vultures_1_vultures_2,PAPERWORK,Vultures 1 — ¥$ with Ty Dolla $ign,62741788,100.00,2026-05-10,,,,False,,,,2026-05-12T16:42:07Z,
promotion_vultures_1_vultures_2,PROMOTION,Vultures 1 — ¥$ with Ty Dolla $ign,63110552,100.00,2026-05-10,76,,2024-08-03,True,,,158,2026-05-12T16:42:07Z,
plain_jane_vultures_1_vultures_2,Plain Jane,Vultures 1 — ¥$ with Ty Dolla $ign,2158550,100.00,2026-05-10,,,,False,,,,2026-05-12T16:42:07Z,
river_vultures_1_vultures_2,RIVER,Vultures 1 — ¥$ with Ty Dolla $ign,33549541,100.00,2026-05-10,,,,False,,,,2026-05-12T16:42:07Z,
sky_city_vultures_1_vultures_2,SKY CITY,Vultures 1 — ¥$ with Ty Dolla $ign,16297542,100.00,2026-05-10,,,,False,,,,2026-05-12T16:42:07Z,
trinity_205_vultures_1_vultures_2,Trinity 205,Vultures 1 — ¥$ with Ty Dolla $ign,,,,,,,False,,,,2026-05-12T16:42:07Z,"no_kworb_match;best_kworb_title=""03' Til Infinity"";best_score=51.85"
where_they_at_vultures_1_vultures_2,Where They At,Vultures 1 — ¥$ with Ty Dolla $ign,4114737,100.00,2026-05-10,,,,False,,,,2026-05-12T16:42:07Z,
act_iii_on_god_remix_vultures_1_vultures_2,act iii: on god? (Remix),Vultures 1 — ¥$ with Ty Dolla $ign,7479889,100.00,2026-05-10,,,,False,,,,2026-05-12T16:42:07Z,
530_vultures_1_vultures_2,530,Vultures 1 — ¥$ with Ty Dolla $ign,55484826,100.00,2026-05-10,,,,False,,,,2026-05-12T16:42:07Z,
fried_vultures_1_vultures_2,Fried,Vultures 1 — ¥$ with Ty Dolla $ign,32830622,100.00,2026-05-10,87,,2024-08-03,True,,,166,2026-05-12T16:42:07Z,
husband_vultures_1_vultures_2,Husband,Vultures 1 — ¥$ with Ty Dolla $ign,11330397,100.00,2026-05-10,,,,False,,,,2026-05-12T16:42:07Z,
maybe_vultures_1_vultures_2,Maybe,Vultures 1 — ¥$ with Ty Dolla $ign,,,,,,,False,,,,2026-05-12T16:42:07Z,no_kworb_match;best_kworb_title='New Day';best_score=50.00
slide_vultures_1_vultures_2,Slide,Vultures 1 — ¥$ with Ty Dolla $ign,38013728,100.00,2026-05-10,88,,2024-08-02,True,,,198,2026-05-12T16:42:07Z,
time_moving_slow_vultures_1_vultures_2,Time Moving Slow,Vultures 1 — ¥$ with Ty Dolla $ign,22047429,100.00,2026-05-10,,,,False,,,,2026-05-12T16:42:07Z,
beauty_and_the_beast_bully_build_up_cuck_iapw_controversy,Beauty and the Beast,Bully,33167231,100.00,2026-05-10,85,,2025-06-20,True,,,105,2026-05-12T16:42:07Z,
god_s_in_control_bully_build_up_cuck_iapw_controversy,God's in Control,Bully,,,,,,,False,,,,2026-05-12T16:42:07Z,no_kworb_match;best_kworb_title='Remote Control';best_score=66.67
i_can_t_wait_bully_build_up_cuck_iapw_controversy,I Can't Wait,Bully,17505570,100.00,2026-05-10,72,,,True,,,,2026-05-12T16:42:07Z,
mama_s_favorite_bully_build_up_cuck_iapw_controversy,Mama's Favorite,Bully,17050505,100.00,2026-05-10,,,,False,,,,2026-05-12T16:42:07Z,
mission_control_bully_build_up_cuck_iapw_controversy,Mission Control,Bully,,,,,,,False,,,,2026-05-12T16:42:07Z,no_kworb_match;best_kworb_title='Remote Control';best_score=68.97
punch_drunk_bully_build_up_cuck_iapw_controversy,Punch Drunk,Bully,24007433,100.00,2026-05-10,44,,,True,,,,2026-05-12T16:42:07Z,
this_one_here_bully_build_up_cuck_iapw_controversy,This One Here,Bully,13328977,100.00,2026-05-10,,,,False,,,,2026-05-12T16:42:07Z,
welcome_to_the_jungle_bully_build_up_cuck_iapw_controversy,Welcome to the Jungle,Bully,37669094,100.00,2026-05-10,,,,False,,,,2026-05-12T16:42:07Z,
whatever_works_bully_build_up_cuck_iapw_controversy,Whatever Works,Bully,21609958,100.00,2026-05-10,49,,,True,,,,2026-05-12T16:42:07Z,
all_the_love_bully_build_up_cuck_iapw_controversy,All the Love,Bully,54457416,100.00,2026-05-10,27,,2026-03-28,True,,,229,2026-05-12T16:42:07Z,
bully_bully_build_up_cuck_iapw_controversy,Bully,Bully,18606119,100.00,2026-05-10,,,,False,,,,2026-05-12T16:42:07Z,
father_bully_build_up_cuck_iapw_controversy,Father,Bully,1477281732,100.00,2026-05-10,21,,2026-03-28,True,,,169,2026-05-12T16:42:07Z,
last_breath_bully_build_up_cuck_iapw_controversy,Last Breath,Bully,15899135,100.00,2026-05-10,81,,2025-06-27,True,,,187,2026-05-12T16:42:07Z,
melrose_bully_build_up_cuck_iapw_controversy,Melrose,Bully,,,,,,,False,,,,2026-05-12T16:42:07Z,no_kworb_match;best_kworb_title='Roses';best_score=66.67
white_lines_bully_build_up_cuck_iapw_controversy,White Lines,Bully,15643610,100.00,2026-05-10,82,,,True,,,,2026-05-12T16:42:07Z,
circles_bully_build_up_cuck_iapw_controversy,Circles,Bully,12171759,100.00,2026-05-10,87,,,True,,,,2026-05-12T16:42:07Z,
damn_bully_build_up_cuck_iapw_controversy,Damn,Bully,24791655,100.00,2026-05-10,,,,False,,,,2026-05-12T16:42:07Z,
highs_and_lows_bully_build_up_cuck_iapw_controversy,Highs and Lows,Bully,22633260,100.00,2026-05-10,62,,,True,,,,2026-05-12T16:42:07Z,
king_bully_build_up_cuck_iapw_controversy,King,Bully,,,,40,,,True,,,,2026-05-12T16:42:07Z,Kworb match was attributed to Vultures 1 'King' (track from 2024); Bully-era 'King' is a different track and has no distinct kworb entry as of fetch date.
preacher_man_bully_build_up_cuck_iapw_controversy,Preacher Man,Bully,46304371,100.00,2026-05-10,57,,2025-06-20,True,,,181,2026-05-12T16:42:07Z,
this_a_must_bully_build_up_cuck_iapw_controversy,This a Must,Bully,19118323,100.00,2026-05-10,51,,,True,,,,2026-05-12T16:42:07Z,
billie_jean_2008_kanye_west_mix_808s_heartbreak,Billie Jean (2008 Kanye West Mix),808s & Heartbreak,9490913,100.00,2026-05-10,,,,False,,,,2026-05-12T16:42:07Z,
freaky_girl_edit_wyoming_sessions_ye_ksg,Freaky Girl Edit,Wyoming Sessions (ye / KSG),,,,,,,False,,,,2026-05-12T16:42:07Z,no_kworb_match;best_kworb_title='Digital Girl (feat. Kanye West & The-Dream)';best_score=64.29
