title,title_norm,year,prior_attempt_status,prior_attempt_detail
Impossible,impossible,2006,SUPPLEMENT_2_ONLY,genius_url=https://genius.com/Kanye-west-impossible-lyrics | extraction_method=targeted_marker_match | kanye_verse_word_count=148 | release_date=2006-05-09 | album_or_era=Late Registration
I Love It,i love it,2018,SUPPLEMENT_2_ONLY,genius_url=https://genius.com/Lil-pump-and-kanye-west-i-love-it-lyrics | extraction_method=targeted_marker_match | kanye_verse_word_count=179 | release_date=2018-09-06 | album_or_era=Wyoming Sessions (ye / KSG)
Only One,only one,2014,SUPPLEMENT_2_ONLY,genius_url=https://genius.com/Kanye-west-only-one-lyrics | extraction_method=targeted_lead_no_markers | kanye_verse_word_count=435 | release_date=2014-12-31 | album_or_era=The Life of Pablo
All Day,all day,2015,SUPPLEMENT_2_ONLY,genius_url=https://genius.com/Kanye-west-all-day-lyrics | extraction_method=targeted_marker_match | kanye_verse_word_count=603 | release_date=2015-03-01 | album_or_era=The Life of Pablo
Freaky Girl Edit,freaky girl edit,2018,NOT_IN_SUPPLEMENTS,No row with matching track_title in missing_tracks_supplement.csv or missing_tracks_supplement_2.csv.
FourFiveSeconds,fourfiveseconds,2015,SUPPLEMENT_2_ONLY,genius_url=https://genius.com/Rihanna-kanye-west-and-paul-mccartney-fourfiveseconds-lyrics | extraction_method=targeted_marker_match | kanye_verse_word_count=177 | release_date=2015-01-24 | album_or_era=The Life of Pablo
Billie Jean (2008 Kanye West Mix),billie jean 2008 kanye west mix,2008,NOT_IN_SUPPLEMENTS,No row with matching track_title in missing_tracks_supplement.csv or missing_tracks_supplement_2.csv.
Ye vs. the People,ye vs the people,2018,SUPPLEMENT_2_ONLY,genius_url=https://genius.com/Kanye-west-ye-vs-the-people-starring-ti-as-the-people-lyrics | extraction_method=targeted_marker_match | kanye_verse_word_count=634 | release_date=2018-04-27 | album_or_era=The Life of Pablo
Theraflu,theraflu,2012,SUPPLEMENT_2_ONLY,"genius_url=https://genius.com/Chris-brown-theraflu-lyrics | extraction_method=targeted_lead_no_markers | kanye_verse_word_count=419 | release_date=2012-04-04 | album_or_era=Cruel Summer + Yeezus build-up WARNING: Genius URL resolves to Chris Brown freestyle page, not Kanye west Cold/Theraflu; may be wrong lyric body for Kanye verses. Related prior row in supplement_1: track_title=Cold (Theraflu→Way Too Cold lineage) — genius_url=https://genius.com/Kanye-west-and-dj-khaled-cold-lyrics"
