track_id,track_title,era_clean,year,best_kworb_match,best_kworb_score
skit_3_late_registration,Skit #3,Late Registration,2005,Skit #1 (Kanye West/Late Registration),85.71
back_to_basics_late_registration,Back to Basics.,Late Registration,2005,BACK TO ME,82.35
i_got_a_love_the_college_dropout,I Got a Love,The College Dropout,2004,I Love It (& Lil Pump),80.00
i_still_love_h_e_r_808s_heartbreak,I Still Love H.E.R.,808s & Heartbreak,2008,I Love It (& Lil Pump),80.00
alright_post_808s_feature_run,Alright,Post-808s feature run,2009,Daylight (ft. Ye),80.00
dat_side_quiet_year,Dat Side,Quiet year,2017,Side 2 Side (feat. Kayne West & Project Pat),80.00
feel_the_love_wyoming_sessions_ye_ksg,Feel the Love,Wyoming Sessions (ye / KSG),2018,ALL THE LOVE (feat. Andre Troutman),80.00
new_body_wyoming_sessions_ye_ksg,New Body,Wyoming Sessions (ye / KSG),2018,New Day,80.00
the_morning_cruel_summer_yeezus_build_up,The Morning,Cruel Summer + Yeezus build-up,2012,Good Morning,77.78
we_got_love_wyoming_sessions_ye_ksg,We Got Love,Wyoming Sessions (ye / KSG),2018,We Fight/We Love - Remix,77.78
touch_it_watch_the_throne,Touch It,Watch the Throne,2011,Touch The Sky,76.92
sin_city_cruel_summer_yeezus_build_up,Sin City,Cruel Summer + Yeezus build-up,2012,SKY CITY,75.00
nah_nah_nah_jesus_is_king,Nah Nah Nah,Jesus Is King,2019,Jonah,75.00
hold_me_late_registration,Hold Me,Late Registration,2005,Hold My Liquor,72.73
white_dress_cruel_summer_yeezus_build_up,White Dress,Cruel Summer + Yeezus build-up,2012,WHITE LINES (feat. Andre Troutman),72.73
mama_s_boyfriend_post_808s_feature_run,Mama's Boyfriend,Post-808s feature run,2009,MAMAâS FAVORITE,70.97
mission_control_bully_build_up_cuck_iapw_controversy,Mission Control,Bully build-up + Cuck/IAPW controversy,2025,Remote Control,68.97
tell_me_when_to_go_remix_late_registration,Tell Me When to Go (Remix),Late Registration,2005,Take Me to the Light,68.42
get_by_remix_pre_dropout_era,Get By (Remix),Pre-Dropout era,2003,Get Em High,66.67
this_way_the_college_dropout,This Way,The College Dropout,2004,Run This Town,66.67
anything_late_registration,Anything,Late Registration,2005,everything,66.67
go_late_registration,Go!,Late Registration,2005,Ego (feat. Kanye West),66.67
top_this_late_registration,Top This,Late Registration,2005,Run This Town,66.67
whole_city_behind_us_late_registration,Whole City Behind Us,Late Registration,2005,SKY CITY,66.67
it_s_over_808s_heartbreak,It's Over,808s & Heartbreak,2008,I Love It (& Lil Pump),66.67
same_time_watch_the_throne,Same Time,Watch the Throne,2011,Primetime,66.67
fire_wyoming_sessions_ye_ksg,Fire,Wyoming Sessions (ye / KSG),2018,FRIED,66.67
happy_donda_2,Happy,Donda 2,2022,Therapy (feat. Kanye West),66.67
we_made_it_donda_2,We Made It,Donda 2,2022,We Can Make It Better,66.67
god_s_in_control_bully_build_up_cuck_iapw_controversy,God's in Control,Bully build-up + Cuck/IAPW controversy,2025,Remote Control,66.67
melrose_bully_build_up_cuck_iapw_controversy,Melrose,Bully build-up + Cuck/IAPW controversy,2025,Roses,66.67
freaky_girl_edit_wyoming_sessions_ye_ksg,Freaky Girl Edit,Wyoming Sessions (ye / KSG),2018,Digital Girl (feat. Kanye West & The-Dream),64.29
the_big_screen_post_808s_feature_run,The Big Screen,Post-808s feature run,2009,Big Brother,64.00
everybody_808s_heartbreak,Everybody,808s & Heartbreak,2008,Every Hour,63.16
chi_town_late_registration,Chi-Town,Late Registration,2005,Champion,62.50
ghetto_late_registration,Ghetto,Late Registration,2005,Ghost Town,62.50
call_some_hoes_late_registration,Call Some Hoes,Late Registration,2005,Last Call,61.54
ayyy_girl_post_808s_feature_run,Ayyy Girl,Post-808s feature run,2009,Digital Girl (feat. Kanye West & The-Dream),61.54
freeee_ghost_town_pt_2_wyoming_sessions_ye_ksg,Freeee (Ghost Town Pt. 2),Wyoming Sessions (ye / KSG),2018,Forever,61.54
after_you_yeezus,After You,Yeezus,2013,All Your Fault,60.87
overnight_celebrity_the_college_dropout,Overnight Celebrity,The College Dropout,2004,Celebration,60.00
the_storm_xxx_wyoming_sessions_ye_ksg,The Storm/XXX,Wyoming Sessions (ye / KSG),2018,The Joy,60.00
reborn_wyoming_sessions_ye_ksg,Reborn,Wyoming Sessions (ye / KSG),2018,BURN,60.00
kids_see_ghosts_wyoming_sessions_ye_ksg,Kids See Ghosts,Wyoming Sessions (ye / KSG),2018,Use This Gospel,60.00
link_up_donda_2,Link Up,Donda 2,2022,Send It Up,58.82
sing_a_song_watch_the_throne,Sing a Song,Watch the Throne,2011,FIRST TIME IN A LONG TIME,58.06
anyone_but_him_post_808s_feature_run,Anyone But Him,Post-808s feature run,2009,The One,57.14
4th_dimension_wyoming_sessions_ye_ksg,4th Dimension,Wyoming Sessions (ye / KSG),2018,Tell The Vision (feat. Kanye West & Pusha T),57.14
we_did_it_kid_donda_2,We Did It Kid,Donda 2,2022,DO IT,57.14
gun_to_my_head_vultures_1_vultures_2,Gun to My Head,Vultures 1 + Vultures 2,2024,Welcome To The Jungle,57.14
awesome_cruel_summer_yeezus_build_up,Awesome,Cruel Summer + Yeezus build-up,2012,Amen,54.55
bliss_cruel_summer_yeezus_build_up,Bliss,Cruel Summer + Yeezus build-up,2012,Blazin,54.55
sci_fi_donda_2,Sci Fi,Donda 2,2022,SCIFI,54.55
creepers_cruel_summer_yeezus_build_up,Creepers,Cruel Summer + Yeezus build-up,2012,Forever,53.33
cudi_montage_wyoming_sessions_ye_ksg,Cudi Montage,Wyoming Sessions (ye / KSG),2018,Monster,52.63
trinity_205_vultures_1_vultures_2,Trinity 205,Vultures 1 + Vultures 2,2024,03' Til Infinity,51.85
sailing_not_selling_post_808s_feature_run,Sailing NOT Selling,Post-808s feature run,2009,Can't Tell Me Nothing,50.00
law_of_attraction_wyoming_sessions_ye_ksg,Law of Attraction,Wyoming Sessions (ye / KSG),2018,Dreamin Of The Past (feat. Kanye West),50.00
possessions_donda_2,Possessions,Donda 2,2022,Champions,50.00
maybe_vultures_1_vultures_2,Maybe,Vultures 1 + Vultures 2,2024,New Day,50.00
bittersweet_poetry_graduation,Bittersweet Poetry,Graduation,2007,Start It Up,48.28
mr_miyagi_donda_2,Mr. Miyagi,Donda 2,2022,Made In America,48.00
